book_id,book_title,book_genre,book_plot,book_author,book_link,book_rating
b1,One Word Kill ,Action,"In January 1986, fifteen-year-old boy-genius Nick Hayes discovers he’s dying. And it isn’t even the strangest thing to happen to him that week.Nick and his Dungeons & Dragons-playing friends are used to living in their imaginations. But when a new girl, Mia, joins the group and reality becomes weirder than the fantasy world they visit in their weekly games, none of them are prepared for what comes next. A strange—yet curiously familiar—man is following Nick, with abilities that just shouldn’t exist. And this man bears a cryptic message: Mia’s in grave danger, though she doesn’t know it yet. She needs Nick’s help—now. He finds himself in a race against time to unravel an impossible mystery and save the girl. And all that stands in his way is a probably terminal disease, a knife-wielding maniac and the laws of physics.",Mark Lawrence ,https://images.gr-assets.com/books/1537534197l/39792427.jpg,4.05
b2,The Rescue,Action,"Former CIA operative turned mercenary for hire Ryan Decker’s specialty is rescuing kidnap victims. Hired by an influential US senator to liberate her daughter from a human-trafficking ring, Decker never anticipated sabotage or that the assault could go so disastrously wrong. The hostage is dead. His team is wiped out, and so are their families, including Decker’s own wife and son—eliminated one by one by the Russian mafia. And he’s survived to take the fall.When he’s inexplicably freed soon into a ten-year sentence in federal prison, Decker suspects another setup. And private investigator Harlow Mackenzie knows he’s right. She has evidence that a power greater than the Russian mob was behind the raid that ruined Decker’s life.The next move in a nationwide cat-and-mouse game of high-level sedition is up to them. Fueled by revenge and an obsession to clear his name, Decker has only one mission: to destroy a growing conspiracy before it’s too late.",Ryan Decker,"https://images-na.ssl-images-amazon.com/images/I/41ImeJQpCAL._SX331_BO1,204,203,200_.jpg",4.2
b3,Harry potter and the socerers stone,Action,"Harry Potter has never even heard of Hogwarts when the letters start dropping on the doormat at number four, Privet Drive. Addressed in green ink on yellowish parchment with a purple seal, they are swiftly confiscated by his grisly aunt and uncle. Then, on Harry's eleventh birthday, a great beetle-eyed giant of a man called Rubeus Hagrid bursts in with some astonishing news: Harry Potter is a wizard, and he has a place at Hogwarts School of Witchcraft and Wizardry. An incredible adventure is about to begin!",J.K. Rowling,"https://images-na.ssl-images-amazon.com/images/I/51ifu1aebKL._SX332_BO1,204,203,200_.jpg",4.5
b4,The Ragged Edge of Night,Action,"Germany, 1942. Franciscan friar Anton Starzmann is stripped of his place in the world when his school is seized by the Nazis. He relocates to a small German hamlet to wed Elisabeth Herter, a widow who seeks a marriage - in name only - to a man who can help raise her three children. Anton seeks something too - atonement for failing to protect his young students from the wrath of the Nazis. But neither he nor Elisabeth expects their lives to be shaken once again by the inescapable rumble of war.As Anton struggles to adapt to the roles of husband and father, he learns of the Red Orchestra, an underground network of resisters plotting to assassinate Hitler. Despite Elisabeth's reservations, Anton joins this army of shadows. But when the SS discovers his schemes, Anton will embark on a final act of defiance that may cost him his life - even if it means saying goodbye to the family he has come to love more than he ever believed possible.",Olivia Hawker,https://images-eu.ssl-images-amazon.com/images/I/51r5AmZuZvL.jpg,4.2
b5,A Game of Thrones: A Song of Ice and Fire,Action,"Winter is coming. Such is the stern motto of House Stark, the northernmost of the fiefdoms that owe allegiance to King Robert Baratheon in far-off King's Landing. There Eddard Stark of Winterfell rules in Robert's name. There his family dwells in peace and comfort: his proud wife, Catelyn; his sons Robb, Brandon, and Rickon; his daughters Sansa and Arya; and his bastard son, Jon Snow. Far to the north, behind the towering Wall, lie savage Wildings and worse - unnatural things relegated to myth during the centuries-long summer, but proving all too real and all too deadly in the turning of the season. Yet a more immediate threat lurks to the south, where Jon Arryn, the Hand of the King, has died under mysterious circumstances. Now Robert is riding north to Winterfell, bringing his queen, the lovely but cold Cersei, his son, the cruel, vainglorious Prince Joffrey, and the queen's brothers Jaime and Tyrion of the powerful and wealthy House Lannister - the first a swordsman without equal, the second a dwarf whose stunted stature belies a brilliant mind. All are heading for Winterfell and a fateful encounter that will change the course of kingdoms. Meanwhile, across the Narrow Sea, Prince Viserys, heir of the fallen House Targaryen, which once ruled all of Westeros, schemes to reclaim the throne with an army of barbarian Dothraki - whose loyalty he will purchase in the only coin left to him: his beautiful yet innocent sister, Daenerys.",George R.R. Martin,"https://images-na.ssl-images-amazon.com/images/I/51HoTTx2ZhL._SX327_BO1,204,203,200_.jpg",4.4
b6,Winter World,Action,"As ice spreads across the planet, scientists race to figure out why the Earth is cooling.They send probes into space--and make a shocking discovery: there's a mysterious object drifting toward the sun.Could it save us from the ice age?Or is it the cause?With time running out, NASA launches a desperate mission to make contact with the object. But it isn't what they expected. NASA and other scientific organizations race to discover why the world is cooling. They send probes into the solar system to collect readings. Near Mars, one of the probes finds something no one expected: a mysterious object, drifting toward the sun. Could it be responsible for the new ice age? And if so, can we stop it? Or is the artifact merely an observer? Or neither? Could it be a relic from a long-extinct civilization? One thing is certain: investigating the artifact is humanity's best hope of survival.",Ken Follett,"https://images-na.ssl-images-amazon.com/images/I/51dN0kX2e2L._SX323_BO1,204,203,200_.jpg",4.3
b7,Grave Descend: An Early Thriller,Action,"The Grave Descend lies under more than sixty feet of clear blue Caribbean water, guarded by a coral reef and schools of hungry hammerhead sharks. Raising it would be a near-impossible task, but James McGregor is suited to the impossible. An expert diver, he makes his living exploring sunken ships. But there’s something strange about the wreck of the Grave Descend.How did she sink? Why do none of the survivors tell the same story? And what was the cargo inside her hull? To answer these questions, McGregor will have to contend with the deadliest sharks around—both underwater and on land.This ebook features an illustrated biography of Michael Crichton including rare images from the author’s estate.",Michael Crichton ,https://images-eu.ssl-images-amazon.com/images/I/51RPdFCXf6L._SY346_.jpg,3.6
b8,Celtic Empire ,Action,"The murders of a team of United Nations scientists in El Salvador. . . A deadly collision in the waterways off the city of Detroit. . . An attack by tomb raiders on an archaeological site along the banks of the Nile. . . Is there a link between these violent events? The answer may lie in the tale of an Egyptian princess forced to flee the armies of her father three thousand years ago.During what was supposed to be a routine investigation in South America, NUMA Director Dirk Pitt finds himself embroiled in an international mystery, one that will lead him across the world and which will threaten everyone and everything he knows--most importantly, his own family. Pitt travels to Scotland in search of answers about the spread of an unknown disease and the shadowy bioremediation company that may be behind it. Meanwhile, his son and daughter face a threat of their own when the discoveries they have made in an Egyptian tomb put killers on their trail. These seemingly unrelated riddles come together in a stunning showdown on the rocky isles of Ireland, where only the Pitts can unravel the secrets of an ancient enigma that could change the very future of mankind.","Clive, Cussler, Dirk Cussler","https://images-na.ssl-images-amazon.com/images/I/518bjEwm3SL._SX323_BO1,204,203,200_.jpg",5
b9,Deep Threat,Action,"Jarvis Thompson, the most celebrated wide receiver in college football, vanishes along the Tennessee River in the middle of the night.The circumstances surrounding the receiver's disappearance are ominous: drugs, cash, and his mentor's brother lying in a pool of blood.It's up to Jarvis's mentor and soon-to-be agent Billy Beckett to investigate the mystery and find his beloved protégé before the clock runs out. Was it a brazen kidnapping? A setup? Or did Jarvis get in too deep and run? In a frantic quest that takes Billy from the mountains of East Tennessee to the South Carolina coast to the gritty streets of New Orleans, the agent knows careers -- and lives-- are on the line. As the two men's pasts collide, both Jarvis and Billy are suddenly embroiled in a terrifying, high-stakes game where winners live and losers die.", Scott Pratt,https://images-na.ssl-images-amazon.com/images/I/51oZoInR7SL._SY346_.jpg,4.3
b10,Trying Times,Action,"As if Sean doesn't have enough problems, is seems that the crazies have finally decided to take him on. Whether it's fanatics who think he's the devil incarnate, or just people looking for any excuse to spread carnage, they've decided that Sean and the lycans present a problem that needs to be eliminated. Then there's that leak in Washington, apparently they didn't remove all of the demonic influences from D.C. like they thought they had.But even with this added complication to the war, Sean's still very happy to be home once again and back in the arms of his loving wives and family. Estrella's also happy to be back on the side of the gateway on which she belongs, not to mention having finally found a husband and a family. Though things may have changed just a little bit since she left.",Jan Stryvant,https://images-eu.ssl-images-amazon.com/images/I/51PXc4EA-7L._SY346_.jpg,4.9
b11,Tiamat's Wrath,Action,"Thirteen hundred gates have opened to solar systems around the galaxy. But as humanity builds its interstellar empire in the alien ruins, the mysteries and threats grow deeper.In the dead systems where gates lead to stranger things than alien planets, Elvi Okoye begins a desperate search to discover the nature of a genocide that happened before the first human beings existed, and to find weapons to fight a war against forces at the edge of the imaginable. But the price of that knowledge may be higher than she can pay.At the heart of the empire, Teresa Duarte prepares to take on the burden of her father's godlike ambition. The sociopathic scientist Paolo Cortázar and the Mephistophelian prisoner James Holden are only two of the dangers in a palace thick with intrigue, but Teresa has a mind of her own and secrets even her father the emperor doesn't guess.And throughout the wide human empire, the scattered crew of the Rocinante fights a brave rear-guard action against Duarte's authoritarian regime. Memory of the old order falls away, and a future under Laconia's eternal rule -- and with it, a battle that humanity can only lose -- seems more and more certain. Because against the terrors that lie between worlds, courage and ambition will not be enough...",James S. A. Corey ,https://images-na.ssl-images-amazon.com/images/I/51gSFOp4fkL._SY346_.jpg,4.3
b12,The Killer Collective,Action,"When a joint FBI–Seattle Police investigation of an international child pornography ring gets too close to certain powerful people, sex-crimes detective Livia Lone becomes the target of a hit that barely goes awry—a hit that had been offered to John Rain, a retired specialist in natural causes.Suspecting the FBI itself was behind the attack, Livia reaches out to former Marine sniper Dox. Together, they assemble an ad hoc group to identify and neutralize the threat. There’s Rain. Rain’s estranged lover, Mossad agent and honeytrap specialist Delilah. And black ops soldiers Ben Treven and Daniel Larison, along with their former commander, SpecOps legend Colonel Scot Hort Horton.Moving from Japan to Seattle to DC to Paris, the group fights a series of interlocking conspiracies, each edging closer and closer to the highest levels of the US government.With uncertain loyalties, conflicting agendas, and smoldering romantic entanglements, these operators will have a hard time forming a team. But in a match as uneven as this one, a collective of killers might be even better.",    Barry Eisler,https://images-na.ssl-images-amazon.com/images/I/414o2j%2BP8oL.jpg,4.1
b13,The Atlantis Gene,Action,"70,000 years ago, the human race almost went extinct.We survived, but no one knows how.Until now.The countdown to the next stage of human evolution is about to begin, and humanity might not survive this time.Off the coast of Antarctica, a research vessel discovers a mysterious structure buried deep within an iceberg. It has been there for thousands of years, and something is guarding it. Could it be the fabled city of Atlantis? Or is it something more dangerous?At the same moment, in Jakarta, Indonesia, a brilliant geneticist named Kate Warner has just made an incredible breakthrough: a cure for autism. Or so she thinks. What she has found is far more deadly--for her and for the entire human race. Her work could unleash the next stage of human evolution. It might also hold the key to unlocking the mysterious structure off the coast of Antarctica.On the other side of Jakarta, Agent David Vale is racing to uncover a conspiracy with far-reaching implications.",A.G. Riddle,https://images-na.ssl-images-amazon.com/images/I/51jq57op7xL._SX342_.jpg,3.7
b14,Adrift: A Marine Sniper,Action,"Daniel Briggs, a Marine sniper fresh out of The Corps, wakes up in Defuniak Springs, FL, hungover and confused, with no memory of the night before. A powerful local family finds him, intent on repaying the previous night's encounter. How will the former Marine ward off his attackers, deal with his demons and avoid being blamed for a young girl's death? ",C. G. Cooper,https://images-eu.ssl-images-amazon.com/images/I/51AWevmDb7L.jpg,4.5
b15,The Bonny Boy,Action,"It is 1942. Lt Harry Gilmour has already made a name for himself in the Royal Navy submarine service. He has risked his life to save a fellow seaman after his first boat, HMS Pelorus is rammed and sunk in the North Sea. He’s played a leading role in HMS Trebuchet’s epic foray into a fjord in the then-neutral Soviet Union, to scatter German ships secretly assembling to invade Iceland. And as number three on HMS Umbrage in the Mediterranean, he had assumed command after her skipper had been lost overboard, and gone on to attack an Italian cruiser squadron.Yet he is only an RNVR officer – a Wavy-Navy wunderkind. But when he gets his own submarine as the Royal Navy supports Montgomery’s Eighth Army campaign, an unexpected enemy looms on the horizon. Harry comes face to face again with Captain Charles ‘Bonny Boy’ Bonalleck, skipper of the doomed Pelorus and now in charge in the Med. Harry blames the Bonny Boy for the tragedy – and has told him to his face.Can Harry trust Bonalleck’s offer to let bygones be bygones? Will the mission he is sent on help end the war – or end his career?",David Black,https://images-na.ssl-images-amazon.com/images/I/51BX00hrUAL.jpg,4.7
b16,Wild Card,Action,"Stone Barrington and his latest paramour are enjoying a peaceful country retreat when their idyll is broken by an unwelcome stranger. He was sent by an enemy, someone who'd be happy to silence Stone and all his collaborators for good . . . only it's soon clear that Stone is not an easy man to target.But with boundless resources and a thirst for vengeance, this foe will not be deterred, and when one plot fails another materializes. Their latest plan is more ambitious and subtle than any they've tried before, and the consequences could remake the nation. With the country's future in the balance, Stone will need to muster all his savvy and daring to defeat this rival once and for all.",Stuart Woods,https://images-na.ssl-images-amazon.com/images/I/51Q3zJXBRtL._SX342_.jpg,4
b17,A Clash of Kings,Action,"A comet the color of blood and flame cuts across the sky. And from the ancient citadel of Dragonstone to the forbidding shores of Winterfell, chaos reigns. Six factions struggle for control of a divided land and the Iron Throne of the Seven Kingdoms, preparing to stake their claims through tempest, turmoil, and war.It is a tale in which brother plots against brother and the dead rise to walk in the night. Here a princess masquerades as an orphan boy; a knight of the mind prepares a poison for a treacherous sorceress; and wild men descend from the Mountains of the Moon to ravage the countryside. Against a backdrop of incest and fratricide, alchemy and murder, victory may go to the men and women possessed of the coldest steel...and the coldest hearts. For when kings clash, the whole land trembles.",George R. R. Martin ,https://images-na.ssl-images-amazon.com/images/I/51mjPf8uG3L._SX342_.jpg,4.4
b18,Blue Moon,Action,Jack Reacher comes to the aid of an elderly couple,Lee Child ,https://images-na.ssl-images-amazon.com/images/I/51YgCDSJz2L._SX342_.jpg,3.6
b19,The Genius Plague,Action,"In this science fiction thriller, brothers are pitted against each other as a pandemic threatens to destabilize world governments by exerting a subtle mind control over survivors. Neil Johns has just started his dream job as a code breaker in the NSA when his brother, Paul, a mycologist, goes missing on a trip to collect samples in the Amazon jungle. Paul returns with a gap in his memory and a fungal infection that almost kills him. But once he recuperates, he has enhanced communication, memory, and pattern recognition. Meanwhile, something is happening in South America; others, like Paul, have also fallen ill and recovered with abilities they didn't have before. But that's not the only pattern--the survivors, from entire remote Brazilian tribes to American tourists, all seem to be working toward a common, and deadly, goal. Neil soon uncovers a secret and unexplained alliance between governments that have traditionally been enemies. Meanwhile Paul becomes increasingly secretive and erratic. Paul sees the fungus as the next stage of human evolution, while Neil is convinced that it is driving its human hosts to destruction. Brother must oppose brother on an increasingly fraught international stage, with the stakes: the free will of every human on earth. Can humanity use this force for good, or are we becoming the pawns of an utterly alien intelligence?",David Walton ,https://images-na.ssl-images-amazon.com/images/I/51f2moK15YL._SX342_.jpg,3.7
b20,Watchmen,Alternate History,"This Hugo Award-winning graphic novel chronicles the fall from grace of a group of super-heroes plagued by all-too-human failings. Along the way, the concept of the super-hero is dissected as the heroes are stalked by an unknown assassin. One of the most influential graphic novels of all time and a perennial best-seller, Watchmen has been studied on college campuses across the nation and is considered a gateway title, leading readers to other graphic novels such as V for Vendetta, Batman: The Dark Knight Returns and The Sandman series",Alan Moore ,"https://images-na.ssl-images-amazon.com/images/I/51HfVGY5NIL._SX325_BO1,204,203,200_.jpg",5
b21,The Man in the High Castle,Alternate History,"It's America in 1962. Slavery is legal once again. The few Jews who still survive hide under assumed names. In San Francisco, the I Ching is as common as the Yellow Pages. All because some twenty years earlier the United States lost a war—and is now occupied by Nazi Germany and Japan.This harrowing, Hugo Award-winning novel is the work that established Philip K. Dick as an innovator in science fiction while breaking the barrier between science fiction and the serious novel of ideas. In it Dick offers a haunting vision of history as a nightmare from which it may just be possible to wake.",Philip K. Dick,https://images.gr-assets.com/books/1448756803l/216363.jpg,3.6
b22,Fatherland,Alternate History,"It is twenty years after Nazi Germany's triumphant victory in World War II and the entire country is preparing for the grand celebration of the Führer's seventy-fifth birthday, as well as the imminent peacemaking visit from President Kennedy.Meanwhile, Berlin Detective Xavier March -- a disillusioned but talented investigation of a corpse washed up on the shore of a lake. When a dead man turns out to be a high-ranking Nazi commander, the Gestapo orders March off the case immediately. Suddenly other unrelated deaths are anything but routine.Now obsessed by the case, March teams up with a beautiful, young American journalist and starts asking questions...dangerous questions. What they uncover is a terrifying and long-concealed conspiracy of such astonding and mind-numbing terror that is it certain to spell the end of the Third Reich -- if they can live long enough to tell the world about it.",Robert Harris,https://images.gr-assets.com/books/1261912137l/56842.jpg,4
b23,The Eyre Affair,Alternate History,"Suspenseful and outlandish, absorbing and fun - a novel unlike any other and an introduction to the imagination of a most distinctive writer and his singular fictional universe. Great Britain circa 1985: time travel is routine, cloning is a reality (dodos are the resurrected pet of choice), and literature is taken very, very seriously. Baconians are trying to convince the world that Francis Bacon really wrote Shakespeare, there are riots between the Surrealists and Impressionists, and thousands of men are named John Milton, an homage to the real Milton and a very confusing situation for the police. Amidst all this, Acheron Hades, Third Most Wanted Man In the World, steals the original manuscript of Martin Chuzzlewit and kills a minor character, who then disappears from every volume of the novel ever printed! But that's just a prelude Hades' real target is the beloved Jane Eyre, and it's not long before he plucks her from the pages of Bronte's novel. Enter Thursday Next. She's the Special Operative's renowned literary detective, and she drives a Porsche. With the help of her uncle Mycroft's Prose Portal, Thursday enters the novel to rescue Jane Eyre from this heinous act of literary homicide. It's tricky business, all these interlopers running about Thornfield, and deceptions run rampant as their paths cross with Jane, Rochester, and Miss Fairfax. Can Thursday save Jane Eyre and Bronte's masterpiece? And what of the Crimean War? Will it ever end? And what about those annoying black holes that pop up now and again, sucking things into time-space voids . . .Suspenseful and outlandish, absorbing and fun, The Eyre Affair is a caper unlike any other and an introduction to the imagination of a most distinctive writer and his singular fictional universe. ",Jasper Fforde,https://images.gr-assets.com/books/1445540555l/27003.jpg,3.9
b24,The Guns of the South,Alternate History,"January 1864 –General Robert E. Lee faces defeat. The Army of Northern Virginia is ragged and ill-equpped. Gettysburg has broken the back of the Confederacy and decimated its manpower.Then, Andries Rhoodie, a strange man with an unplaceable accent, approaches Lee with an extraordinary offer. Rhoodie demonstrates an amazing rifle: Its rate of fire is incredible, its lethal efficiency breathtaking--and Rhoodie guarantees unlimited quantitites to the Confederates.The name of the weapon is the AK-47.... ""It is absolutely unique--without question the most fascinating Civil War novel I have ever read."" –Professor James M. McPherson – Pultizer Prize winning Battle Cry of Freedom",Harry Turtledove,https://images.gr-assets.com/books/1320477474l/101599.jpg,4
b25,His Majesty's Dragon,Alternate History,"Aerial combat brings a thrilling new dimension to the Napoleonic Wars as valiant warriors ride mighty fighting dragons, bred for size or speed. When HMS Reliant captures a French frigate and seizes the precious cargo, an unhatched dragon egg, fate sweeps Captain Will Laurence from his seafaring life into an uncertain future – and an unexpected kinship with a most extraordinary creature. Thrust into the rarified world of the Aerial Corps as master of the dragon Temeraire, he will face a crash course in the daring tactics of airborne battle. For as France’s own dragon-borne forces rally to breach British soil in Bonaparte’s boldest gambit, Laurence and Temeraire must soar into their own baptism of fire.",Naomi Novik,https://images.gr-assets.com/books/1376392909l/28876.jpg,4.1
b26,Jonathan Strange & Mr Norrell,Alternate History,"Sophisticated, witty, and ingeniously convincing, Susanna Clarke's magisterial novel weaves magic into a flawlessly detailed vision of historical England. She has created a world so thoroughly enchanting that eight hundred pages leave readers longing for more.English magicians were once the wonder of the known world, with fairy servants at their beck and call; they could command winds, mountains, and woods. But by the early 1800s they have long since lost the ability to perform magic. They can only write long, dull papers about it, while fairy servants are nothing but a fading memory.But at Hurtfew Abbey in Yorkshire, the rich, reclusive Mr Norrell has assembled a wonderful library of lost and forgotten books from England's magical past and regained some of the powers of England's magicians. He goes to London and raises a beautiful young woman from the dead. Soon he is lending his help to the government in the war against Napoleon Bonaparte, creating ghostly fleets of rain-ships to confuse and alarm the French.",Susanna Clarke,https://images.gr-assets.com/books/1357027589l/14201.jpg,3.8
b27,The Years of Rice and Salt,Alternate History,"It is the fourteenth century and one of the most apocalyptic events in human history is set to occur - the coming of the Black Death. History teaches us that a third of Europe's population was destroyed. But what if? What if the plague killed 99 percent of the population instead? How would the world have changed? This is a look at the history that could have been: a history that stretches across centuries, a history that sees dynasties and nations rise and crumble, a history that spans horrible famine and magnificent innovation. These are the years of rice and salt.",Kim Stanley Robinson,https://images.gr-assets.com/books/1419079388l/2723.jpg,3.7
b28,The Yiddish Policemen's Union,Alternate History,"For sixty years, Jews have prospered in the Federal District of Sitka, a ""temporary"" safe haven created in the wake of revelations of the Holocaust and the shocking 1948 collapse of the fledgling state of Israel. Now the District is set to revert to Alaskan control, and their dream is coming to an end: once again the tides of history threaten to sweep them up and carry them off into the unknown.For sixty years, Jewish refugees and their descendants have prospered in the Federal District of Sitka, a ""temporary"" safe haven created in the wake of revelations of the Holocaust and the shocking 1948 collapse of the fledgling state of Israel. Proud, grateful, and longing to be American, the Jews of the Sitka District have created their own little world in the Alaskan panhandle, a vibrant, gritty, soulful, and complex frontier city that moves to the music of Yiddish. For sixty years they have been left alone, neglected and half-forgotten in a backwater of history. Now the District is set to revert to Alaskan control, and their dream is coming to an end: once again the tides of history threaten to sweep them up and carry them off into the unknown.",Michael Chabon,https://images.gr-assets.com/books/1178032098l/16703.jpg,3.7
b29,And the Roses Bled,Horror ,"A catastrophe occurs in what was meant to be a fun-filled day for Nina and Alisha. Minutes ago, they were on the swings in the Rose Garden and now, Alisha is standing alone, while the help runs frantically. Her sister, Nina, has disappeared, never to be found again. But the bond between them withstands even death. Nina’s ghost circles the house. Is she here just to comfort her now lonely and distraught sister or is she pointing the way to unravel the mystery of her disappearance? the questions remain unanswered until six years later. Another ghost is reaching out to Alisha from the beyond, a ghost only she can see and she has no idea why. Battling the horror, the blood and the nightmares that follow her in this macabre turn of events, will Alisha be able to emerge from the whirlpool that the other side is trying to drown her in",Mehak Daleh ,"https://images-na.ssl-images-amazon.com/images/I/512ynJwtj7L._SX321_BO1,204,203,200_.jpg",4.3
b30,The Shining,Horror ,"Danny is only five years old, but in the words of old Mr Hallorann he is a 'shiner', aglow with psychic voltage. When his father becomes caretaker of the Overlook Hotel, Danny's visions grow out of control.As winter closes in and blizzards cut them off, the hotel seems to develop a life of its own. It is meant to be empty. So who is the lady in Room 217 and who are the masked guests going up and down in the elevator? And why do the hedges shaped like animals seem so alive?Somewhere, somehow, there is an evil force in the hotel - and that, too, is beginning to shine . . .",Stephen King ,https://images.gr-assets.com/books/1353277730l/11588.jpg,4.2
b31,The Green Room,Horror ,"She wears an old uniform,” Nisha continued, “pale white face, dark shadows around her eyes. She is often seen sitting on this very chair. And it is said that the chair is always found in front of the mirror no matter where you leave it.” Rohan Agarwal has been appointed the manager of a play, and how excited he is to work with Chandni Joshi – his childhood crush, and unfortunately, his senior! A happy-go-lucky high school boarder, he has his fun with his friends, enjoys the odd sport and does not think twice before raiding his warden’s office to leak question papers. Then, one misty night, he sneaks into the infamous Green Room; and there, he finds something that wasn’t meant to be found…Mysterious happenings in the Green Room begin to follow. That's when Rohan stumbles on the fact that the same play was supposed to have taken place before, but it was cancelled. There was something evil associated with the play. Something terrible had happened in the Green Room the first time around, or at least, that’s what the stories said. And yet, Rohan finds, the old stories turn out to be true.",Nag Mani,https://images-eu.ssl-images-amazon.com/images/I/519ciGkiDML.jpg,3.9
b32,It,Horror ,"Welcome to Derry, Maine ...It’s a small city, a place as hauntingly familiar as your own hometown. Only in Derry the haunting is real ...They were seven teenagers when they first stumbled upon the horror. Now they are grown-up men and women who have gone out into the big world to gain success and happiness. But none of them can withstand the force that has drawn them back to Derry to face the nightmare without an end, and the evil without a name. ",Stephen King ,https://upload.wikimedia.org/wikipedia/en/5/5a/It_cover.jpg,4.5
b33,Dracula,Horror ,"A rich selection of background and source materials is provided in three areas: Contexts includes probable inspirations for Dracula in the earlier works of James Malcolm Rymer and Emily Gerard. Also included are a discussion of Stoker's working notes for the novel and ""Dracula's Guest,"" the original opening chapter to Dracula. Reviews and Reactions reprints five early reviews of the novel. ""Dramatic and Film Variations"" focuses on theater and film adaptations of Dracula, two indications of the novel's unwavering appeal. David J. Skal, Gregory A. Waller, and Nina Auerbach offer their varied perspectives. Checklists of both dramatic and film adaptations are included.Criticism collects seven theoretical interpretations of Dracula by Phyllis A. Roth, Carol A. Senf, Franco Moretti, Christopher Craft, Bram Dijkstra, Stephen D. Arata, and Talia Schaffer.A Chronology and a Selected Bibliography are included.",Bram Stoker,https://images.gr-assets.com/books/1387151694l/17245.jpg,4
b34,Carrie,Horror ,"arrie knew she should not use the terrifying power she possessed... But one night at her senior prom, Carrie was scorned and humiliated just one time too many, and in a fit of uncontrollable fury she turned her clandestine game into a weapon of horror and destruction...",Stephen King ,https://images.gr-assets.com/books/1166254258l/10592.jpg,4
b35,Frankenstein,Horror ,"Mary Shelley began writing Frankenstein when she was only eighteen. At once a Gothic thriller, a passionate romance, and a cautionary tale about the dangers of science, Frankenstein tells the story of committed science student Victor Frankenstein. Obsessed with discovering the cause of generation and life and bestowing animation upon lifeless matter, Frankenstein assembles a human being from stolen body parts but; upon bringing it to life, he recoils in horror at the creature's hideousness. Tormented by isolation and loneliness, the once-innocent creature turns to evil and unleashes a campaign of murderous revenge against his creator, Frankenstein. Frankenstein, an instant bestseller and an important ancestor of both the horror and science fiction genres, not only tells a terrifying story, but also raises profound, disturbing questions about the very nature of life and the place of humankind within the cosmos: What does it mean to be human? What responsibilities do we have to each other? How far can we go in tampering with Nature? In our age, filled with news of organ donation genetic engineering, and bio-terrorism, these questions are more relevant than ever."," Mary Wollstonecraft Shelley,  Charlotte Gordon",https://images.gr-assets.com/books/1498841231l/35031085.jpg,3.8
b36,Pet Sematary,Horror ,"The road in front of Dr. Louis Creed's rural Maine home frequently claims the lives of neighborhood pets. Louis has recently moved from Chicago to Ludlow with his wife Rachel, their children and pet cat. Near their house, local children have created a cemetery for the dogs and cats killed by the steady stream of transports on the busy highway. Deeper in the woods lies another graveyard, an ancient Indian burial ground whose sinister properties Louis discovers when the family cat is killed.",Stephen King ,https://images.gr-assets.com/books/1480069533l/33124137.jpg,4
b37,The Exorcist,Horror ,"riginally published in 1971, The Exorcist is now a major television series on FOX. It remains one of the most controversial novels ever written and went on to become a literary phenomenon: It spent fifty-seven weeks on the New York Times bestseller list, seventeen consecutively at number one. Inspired by a true story of a child’s demonic possession in the 1940s, William Peter Blatty created an iconic novel that focuses on Regan, the eleven-year-old daughter of a movie actress residing in Washington, D.C. A small group of overwhelmed yet determined individuals must rescue Regan from her unspeakable fate, and the drama that ensues is gripping and unfailingly terrifying.",William Peter Blatty,https://images.gr-assets.com/books/1375168676l/179780.jpg,4.2
b38,Misery,Horror ,"Paul Sheldon. He's a bestselling novelist who has finally met his biggest fan. Her name is Annie Wilkes and she is more than a rabid reader - she is Paul's nurse, tending his shattered body after an automobile accident. But she is also his captor, keeping him prisoner in her isolated house.", Stephen King,https://www.goodreads.com/book/show/10614.Misery,4.14
b39,The Haunting of Hill House,Horror ,"It is the story of four seekers who arrive at a notoriously unfriendly pile called Hill House: Dr. Montague, an occult scholar looking for solid evidence of a ""haunting""; Theodora, the lighthearted assistant; Eleanor, a friendless, fragile young woman well acquainted with poltergeists; and Luke, the future heir of Hill House. At first, their stay seems destined to be merely a spooky encounter with inexplicable phenomena. But Hill House is gathering its powers—and soon it will choose one of them to make its own. ","Shirley Jackson,  Laura Miller ",https://images.gr-assets.com/books/1327871336l/89717.jpg,3.86
b40,The Silence of the Lambs,Horror ,"There's a killer on the loose who knows that beauty is only skin deep, and a trainee investigator who's trying to save her own hide. The only man that can help is locked in an asylum. But he's willing to put a brave face on — if it will help him escape.",Thomas Harris,https://images.gr-assets.com/books/1390426249l/23807.jpg,4.17
b41,Interview with the Vampire,Horror ,"This is the story of Louis, as told in his own words, of his journey through mortal and immortal life. Louis recounts how he became a vampire at the hands of the radiant and sinister Lestat and how he became indoctrinated, unwillingly, into the vampire way of life. His story ebbs and flows through the streets of New Orleans, defining crucial moments such as his discovery of the exquisite lost young child Claudia, wanting not to hurt but to comfort her with the last breaths of humanity he has inside. Yet, he makes Claudia a vampire, trapping her womanly passion, will, and intelligence inside the body of a small child. Louis and Claudia form a seemingly unbreakable alliance and even ""settle down"" for a while in the opulent French Quarter. Louis remembers Claudia's struggle to understand herself and the hatred they both have for Lestat that sends them halfway across the world to seek others of their kind. Louis and Claudia are desperate to find somewhere they belong, to find others who understand, and someone who knows what and why they are.`", Anne Rice,https://images.gr-assets.com/books/1380631642l/43763.jpg,3.99
b42,Rosemary's Baby,Horror ,"Rosemary and Guy Woodhouse, an ordinary young couple, settle into a New York City apartment, unaware that the elderly neighbors and their bizarre group of friends have taken a disturbing interest in them. But by the time Rosemary discovers the horrifying truth, it may be far too late!",Ira Levin,https://images.gr-assets.com/books/1327878603l/228296.jpg,3.99
b43,Ghost Story,Horror ,"For four aging men in the terror-stricken town of Milburn, New York, an act inadvertently carried out in their youth has come back to haunt them. Now they are about to learn what happens to those who believe they can bury the past -- and get away with murder.",Peter Straub,https://images.gr-assets.com/books/1441771752l/19581.jpg,3.95
b44,Heart-Shaped Box,Horror ,"Aging, self-absorbed rock star Judas Coyne has a thing for the macabre -- his collection includes sketches from infamous serial killer John Wayne Gacy, a trepanned skull from the 16th century, a used hangman's noose, Aleister Crowley's childhood chessboard, etc. -- so when his assistant tells him about a ghost for sale on an online auction site, he immediately puts in a bid and purchases it. The black, heart-shaped box that Coyne receives in the mail not only contains the suit of a dead man but also his vengeance-obsessed spirit. The ghost, it turns out, is the stepfather of a young groupie who committed suicide after the 54-year-old Coyne callously used her up and threw her away. Now, determined to kill Coyne and anyone who aids him, the merciless ghost of Craddock McDermott begins his assault on the rocker's sanity",Joe Hill ,https://images.gr-assets.com/books/1328043955l/153025.jpg,3.83
b45,World War Z,Horror ,"The Zombie War came unthinkably close to eradicating humanity. Max Brooks, driven by the urgency of preserving the acid-etched first-hand experiences of the survivors from those apocalyptic years, traveled across the United States of America and throughout the world, from decimated cities that once teemed with upwards of thirty million souls to the most remote and inhospitable areas of the planet. He recorded the testimony of men, women, and sometimes children who came face-to-face with the living, or at least the undead, hell of that dreadful time. World War Z is the result. Never before have we had access to a document that so powerfully conveys the depth of fear and horror, and also the ineradicable spirit of resistance, that gripped human society through the plague years.",Max Brooks,https://images.gr-assets.com/books/1528312647l/8908.jpg,4.01
b46,Cujo ,Horror ,"Outside a peaceful town in central Maine, a monster is waiting. Cujo is a two-hundred-pound Saint Bernard, the best friend Brett Camber has ever had. One day Cujo chases a rabbit into a bolt-hole—a cave inhabited by sick bats. What happens to Cujo, how he becomes a horrifying vortex inexorably drawing in all the people around him makes for one of the most heart-stopping novels Stephen King has written",Stephen King,https://images.gr-assets.com/books/1394208144l/10603.jpg,3.69
b47,Doctor Sleep ,Horror ,"Stephen King returns to the characters and territory of one of his most popular novels ever, The Shining, in this instantly riveting novel about the now middle-aged Dan Torrance (the boy protagonist of The Shining) and the very special 12-year-old girl he must save from a tribe of murderous paranormals.On highways across America, a tribe of people called The True Knot travel in search of sustenance. They look harmless - mostly old, lots of polyester, and married to their RVs. But as Dan Torrance knows, and spunky 12-year-old Abra Stone learns, The True Knot are quasi-immortal, living off the ""steam"" that children with the ""shining"" produce when they are slowly tortured to death.Haunted by the inhabitants of the Overlook Hotel where he spent one horrific childhood year, Dan has been drifting for decades, desperate to shed his father's legacy of despair, alcoholism, and violence. Finally, he settles in a New Hampshire town, an AA community that sustains him, and a job at a nursing home where his remnant ""shining"" power provides the crucial final comfort to the dying. Aided by a prescient cat, he becomes ""Doctor Sleep.""",Stephen King,https://images.gr-assets.com/books/1510335480l/16130549.jpg,4.1
b48,House of Leaves ,Horror ,"ears ago, when House of Leaves was first being passed around, it was nothing more than a badly bundled heap of paper, parts of which would occasionally surface on the Internet. No one could have anticipated the small but devoted following this terrifying story would soon command. Starting with an odd assortment of marginalized youth—musicians, tattoo artists, programmers, strippers, environmentalists, and adrenaline junkies—the book eventually made its way into the hands of older generations, who not only found themselves in those strangely arranged pages but also discovered a way back into the lives of their estranged children.Now, for the first time, this astonishing novel is made available in book form, complete with the original colored words, vertical footnotes, and newly added second and third appendices.The story remains unchanged, focusing on a young family that moves into a small home on Ash Tree Lane where they discover something is terribly wrong: their house is bigger on the inside than it is on the outside.",Mark Z. Danielewski,https://images.gr-assets.com/books/1403889034l/24800.jpg,4.12
b49,Needful Things (Paperback) ,Horror ,"Leland Gaunt opens a new shop in Castle Rock called Needful Things. Anyone who enters his store finds the object of his or her lifelong dreams and desires: a prized baseball card, a healing amulet. In addition to a token payment, Gaunt requests that each person perform a little ""deed,"" usually a seemingly innocent prank played on someone else from town. These practical jokes cascade out of control and soon the entire town is doing battle with itself. Only Sheriff Alan Pangborn suspects that Gaunt is behind the population's increasingly violent behavior.",Stephen King,https://images.gr-assets.com/books/1315767817l/107291.jpg,3.9
b50,Christine (Paperback) ,Horror ,"It’s love at first sight for high school student Arnie Cunningham when he and his best friend Dennis Guilder spot the dilapidated 1958 red-and-white Plymouth Fury for sale—dubbed “Christine” by its original cantankerous owner—rusting away on a front lawn of their suburban Pennsylvania neighborhood. Dennis knows that Arnie’s never had much luck in the looks or popularity department, or really taken an interest in owning a car . . . but Christine quickly changes all that. Arnie suddenly has the newfound confidence to stick up for himself, going as far as dating the most beautiful girl at Libertyville High—transfer student Leigh Cabot—even as a mysteriously restored Christine systematically and terrifyingly consumes every aspect of Arnie’s life. Dennis and Leigh soon realize that they must uncover the awful truth behind a car with a horrifying and murderous history. Hell hath no fury like a woman scorned, and heaven help anyone who gets in Christine’s way…","Stephen King , Marie Milpois ",https://images.gr-assets.com/books/1513766289l/10629.jpg,3.75
b51,Bird Box ,Horror ,"Something is out there, something terrifying that must not be seen. One glimpse of it, and a person is driven to deadly violence. No one knows what it is or where it came from.Five years after it began, a handful of scattered survivors remains, including Malorie and her two young children. Living in an abandoned house near the river, she has dreamed of fleeing to a place where they might be safe. Now that the boy and girl are four, it's time to go, but the journey ahead will be terrifying: twenty miles downriver in a rowboat—blindfolded—with nothing to rely on but her wits and the children's trained ears. One wrong choice and they will die. Something is following them all the while, but is it man, animal, or monster?Interweaving past and present, Bird Box is a snapshot of a world unraveled that will have you racing to the final page.",Josh Malerman,https://images.gr-assets.com/books/1383949470l/18498558.jpg,4.03
b52,The Exorcist ,Horror ,"Originally published in 1971, The Exorcist is now a major television series on FOX. It remains one of the most controversial novels ever written and went on to become a literary phenomenon: It spent fifty-seven weeks on the New York Times bestseller list, seventeen consecutively at number one. Inspired by a true story of a child’s demonic possession in the 1940s, William Peter Blatty created an iconic novel that focuses on Regan, the eleven-year-old daughter of a movie actress residing in Washington, D.C. A small group of overwhelmed yet determined individuals must rescue Regan from her unspeakable fate, and the drama that ensues is gripping and unfailingly terrifying.Two years after its publication, The Exorcist was, of course, turned into a wildly popular motion picture, garnering ten Academy Award nominations. On opening day of the film, lines of the novel’s fans stretched around city blocks. In Chicago, frustrated moviegoers used a battering ram to gain entry through the double side doors of a theater. In Kansas City, police used tear gas to disperse an impatient crowd who tried to force their way into a cinema. The three major television networks carried footage of these events; CBS’s Walter Cronkite devoted almost ten minutes to the story. The Exorcist was, and is, more than just a novel and a film: it is a true landmark.Purposefully raw and profane, The Exorcist still has the extraordinary ability to disturb readers and cause them to forget that it is “just a story.” Published here in this beautiful fortieth anniversary edition, it remains an unforgettable reading experience and will continue to shock and frighten a new generation of readers.",Josh Malerman,https://images.gr-assets.com/books/1383949470l/18498558.jpg,4.16
b53,The Kite Runner,Drama,"Amir is the son of a wealthy Kabul merchant, a member of the ruling caste of Pashtuns. Hassan, his servant and constant companion, is a Hazara, a despised and impoverished caste. Their uncommon bond is torn by Amir's choice to abandon his friend amidst the increasing ethnic, religious, and political tensions of the dying years of the Afghan monarchy, wrenching them far apart. But so strong is the bond between the two boys that Amir journeys back to a distant world, to try to right past wrongs against the only true friend he ever had.The unforgettable, heartbreaking story of the unlikely friendship between a wealthy boy and the son of his father’s servant, The Kite Runner is a beautifully crafted novel set in a country that is in the process of being destroyed. It is about the power of reading, the price of betrayal, and the possibility of redemption; and an exploration of the power of fathers over sons—their love, their sacrifices, their lies.",Khaled Hosseini,https://images.gr-assets.com/books/1546093833l/77203.jpg,4.28
b54,My Sister's Keeper,Drama,"Anna is not sick, but she might as well be. By age thirteen, she has undergone countless surgeries, transfusions, and shots so that her older sister, Kate, can somehow fight the leukemia that has plagued her since childhood. The product of preimplantation genetic diagnosis, Anna was conceived as a bone marrow match for Kate -- a life and a role that she has never challenged... until now. Like most teenagers, Anna is beginning to question who she truly is. But unlike most teenagers, she has always been defined in terms of her sister—and so Anna makes a decision that for most would be unthinkable, a decision that will tear her family apart and have perhaps fatal consequences for the sister she loves.A provocative novel that raises some important ethical issues, My Sister's Keeper is the story of one family's struggle for survival at all human costs and a stunning parable for all time", Jodi Picoult,https://images.gr-assets.com/books/1369504683l/10917.jpg,4.07
b55,A Thousand Splendid Suns,Drama,"A Thousand Splendid Suns is a breathtaking story set against the volatile events of Afghanistan's last thirty years—from the Soviet invasion to the reign of the Taliban to post-Taliban rebuilding—that puts the violence, fear, hope, and faith of this country in intimate, human terms. It is a tale of two generations of characters brought jarringly together by the tragic sweep of war, where personal lives—the struggle to survive, raise a family, find happiness—are inextricable from the history playing out around them. Propelled by the same storytelling instinct that made The Kite Runner a beloved classic, A Thousand Splendid Suns is at once a remarkable chronicle of three decades of Afghan history and a deeply moving account of family and friendship. It is a striking, heart-wrenching novel of an unforgiving time, an unlikely friendship, and an indestructible love—a stunning accomplishment.",Khaled Hosseini,https://images.gr-assets.com/books/1345958969l/128029.jpg,4.36
b56,Life of Pi,Drama,"Life of Pi is a fantasy adventure novel by Yann Martel published in 2001. The protagonist, Piscine Molitor ""Pi"" Patel, a Tamil boy from Pondicherry, explores issues of spirituality and practicality from an early age. He survives 227 days after a shipwreck while stranded on a boat in the Pacific Ocean with a Bengal tiger named Richard Parker.",Yann Martel,https://images.gr-assets.com/books/1320562005l/4214.jpg,3.9
b57,Memoirs of a Geisha,Drama,"A literary sensation and runaway bestseller, this brilliant debut novel presents with seamless authenticity and exquisite lyricism the true confessions of one of Japan's most celebrated geisha. In Memoirs of a Geisha, we enter a world where appearances are paramount; where a girl's virginity is auctioned to the highest bidder; where women are trained to beguile the most powerful men; and where love is scorned as illusion. It is a unique and triumphant work of fiction - at once romantic, erotic, suspenseful - and completely unforgettable. ", Arthur Golden ,https://images.gr-assets.com/books/1409595968l/929.jpg,4.1
b58,To Kill a Mockingbird,Drama,"The unforgettable novel of a childhood in a sleepy Southern town and the crisis of conscience that rocked it, To Kill A Mockingbird became both an instant bestseller and a critical success when it was first published in 1960. It went on to win the Pulitzer Prize in 1961 and was later made into an Academy Award-winning film, also a classic. Compassionate, dramatic, and deeply moving, To Kill A Mockingbird takes readers to the roots of human behavior - to innocence and experience, kindness and cruelty, love and hatred, humor and pathos. Now with over 18 million copies in print and translated into forty languages, this regional story by a young Alabama woman claims universal appeal. Harper Lee always considered her book to be a simple love story. Today it is regarded as a masterpiece of American literature", Harper Lee,https://images.gr-assets.com/books/1553383690l/2657.jpg,4.27
b59,The Book Thief,Drama,"It is 1939. Nazi Germany. The country is holding its breath. Death has never been busier, and will be busier still. By her brother's graveside, Liesel's life is changed when she picks up a single object, partially hidden in the snow. It is The Gravedigger's Handbook, left behind there by accident, and it is her first act of book thievery. So begins a love affair with books and words, as Liesel, with the help of her accordian-playing foster father, learns to read. Soon she is stealing books from Nazi book-burnings, the mayor's wife's library, wherever there are books to be found. But these are dangerous times. When Liesel's foster family hides a Jew in their basement, Liesel's world is both opened up, and closed down. In superbly crafted writing that burns with intensity, award-winning author Markus Zusak has given us one of the most enduring stories of our time",Markus Zusak,https://images.gr-assets.com/books/1522157426l/19063.jpg,4.37
b60,The Da Vinci Code,Drama,"An ingenious code hidden in the works of Leonardo da Vinci. A desperate race through the cathedrals and castles of Europe. An astonishing truth concealed for centuries . . . unveiled at last. While in Paris, Harvard symbologist Robert Langdon is awakened by a phone call in the dead of the night. The elderly curator of the Louvre has been murdered inside the museum, his body covered in baffling symbols. As Langdon and gifted French cryptologist Sophie Neveu sort through the bizarre riddles, they are stunned to discover a trail of clues hidden in the works of Leonardo da Vinci—clues visible for all to see and yet ingeniously disguised by the painter. Even more startling, the late curator was involved in the Priory of Sion—a secret society whose members included Sir Isaac Newton, Victor Hugo, and Da Vinci—and he guarded a breathtaking historical secret. Unless Langdon and Neveu can decipher the labyrinthine puzzle—while avoiding the faceless adversary who shadows their every move—the explosive, ancient truth will be lost forever", Dan Brown,https://images.gr-assets.com/books/1551244853l/968.jpg,3.82
b61,The Pact,Drama,"For eighteen years the Hartes and the Golds have lived next door to each other, sharing everything from Chinese food to chicken pox to carpool duty-- they've grown so close it seems they have always been a part of each other's lives. Parents and children alike have been best friends, so it's no surprise that in high school Chris and Emily's friendship blossoms into something more. They've been soul mates since they were born. So when midnight calls from the hospital come in, no one is ready for the appalling truth: Emily is dead at seventeen from a gunshot wound to the head. There's a single unspent bullet in the gun that Chris took from his father's cabinet-- a bullet that Chris tells police he intended for himself. But a local detective has doubts about the suicide pact that Chris has described", Jodi Picoult,https://images.gr-assets.com/books/1410754561l/10916.jpg,4
b62,Lord of the Flies,Drama,"At the dawn of the next world war, a plane crashes on an uncharted island, stranding a group of schoolboys. At first, with no adult supervision, their freedom is something to celebrate; this far from civilization the boys can do anything they want. Anything. They attempt to forge their own society, failing, however, in the face of terror, sin and evil. And as order collapses, as strange howls echo in the night, as terror begins its reign, the hope of adventure seems as far from reality as the hope of being rescued. Labeled a parable, an allegory, a myth, a morality tale, a parody, a political treatise, even a vision of the apocalypse, Lord of the Flies is perhaps our most memorable tale about “the end of innocence, the darkness of man’s heart.”",William Golding,https://images.gr-assets.com/books/1327869409l/7624.jpg,3.66
b63,The Lovely Bones,Drama,"The Lovely Bones is the story of a family devastated by a gruesome murder -- a murder recounted by the teenage victim. Upsetting, you say? Remarkably, first-time novelist Alice Sebold takes this difficult material and delivers a compelling and accomplished exploration of a fractured family's need for peace and closure. The details of the crime are laid out in the first few pages: from her vantage point in heaven, Susie Salmon describes how she was confronted by the murderer one December afternoon on her way home from school. Lured into an underground hiding place, she was raped and killed. But what the reader knows, her family does not. Anxiously, we keep vigil with Susie, aching for her grieving family, desperate for the killer to be found and punished. Sebold creates a heaven that's calm and comforting, a place whose residents can have whatever they enjoyed when they were alive -- and then some. But Susie isn't ready to release her hold on life just yet, and she intensely watches her family and friends as they struggle to cope with a reality in which she is no longer a part. To her great credit, Sebold has shaped one of the most loving and sympathetic fathers in contemporary literature.",Alice Sebold,https://images.gr-assets.com/books/1457810586l/12232938.jpg,3.79
b64,The Great Gatsby,Drama,"THE GREAT GATSBY, F. Scott Fitzgerald's third book, stands as the supreme achievement of his career. This exemplary novel of the Jazz Age has been acclaimed by generations of readers. The story is of the fabulously wealthy Jay Gatsby and his new love for the beautiful Daisy Buchanan, of lavish parties on Long Island at a time when The New York Times noted ""gin was the national drink and sex the national obsession,"" it is an exquisitely crafted tale of America in the 1920s. The Great Gatsby is one of the great classics of twentieth-century literature.",F. Scott Fitzgerald,https://images.gr-assets.com/books/1490528560l/4671.jpg,3.91
b65,The Help,Drama,"Three ordinary women are about to take one extraordinary step. Twenty-two-year-old Skeeter has just returned home after graduating from Ole Miss. She may have a degree, but it is 1962, Mississippi, and her mother will not be happy till Skeeter has a ring on her finger. Skeeter would normally find solace with her beloved maid Constantine, the woman who raised her, but Constantine has disappeared and no one will tell Skeeter where she has gone. Aibileen is a black maid, a wise, regal woman raising her seventeenth white child. Something has shifted inside her after the loss of her own son, who died while his bosses looked the other way. She is devoted to the little girl she looks after, though she knows both their hearts may be broken. Minny, Aibileen's best friend, is short, fat, and perhaps the sassiest woman in Mississippi. She can cook like nobody's business, but she can't mind her tongue, so she's lost yet another job. Minny finally finds a position working for someone too new to town to know her reputation. But her new boss has secrets of her own. Seemingly as different from one another as can be, these women will nonetheless come together for a clandestine project that will put them all at risk. And why? Because they are suffocating within the lines that define their town and their times. And sometimes lines are made to be crossed.",Kathryn Stockett ,https://images.gr-assets.com/books/1554195238l/4667024.jpg,4.46
b66,Room,Drama,"To five-year-old-Jack, Room is the world.... Told in the inventive, funny, and poignant voice of Jack, Room is a celebration of resilience—and a powerful story of a mother and son whose love lets them survive the impossible. To five-year-old Jack, Room is the entire world. It is where he was born and grew up; it's where he lives with his Ma as they learn and read and eat and sleep and play. At night, his Ma shuts him safely in the wardrobe, where he is meant to be asleep when Old Nick visits.  Room is home to Jack, but to Ma, it is the prison where Old Nick has held her captive for seven years. Through determination, ingenuity, and fierce motherly love, Ma has created a life for Jack. But she knows it's not enough ... not for her or for him. She devises a bold escape plan, one that relies on her young son's bravery and a lot of luck. What she does not realize is just how unprepared she is for the plan to actually work.Told entirely in the language of the energetic, pragmatic five-year-old Jack, Room is a celebration of resilience and the limitless bond between parent and child, a brilliantly executed novel about what it means to journey from one world to another.",Emma Donoghue,https://images.gr-assets.com/books/1472239721l/31685789.jpg,4.05
b67,Nineteen Minutes,Drama,"In nineteen minutes, you can mow the front lawn, color your hair, watch a third of a hockey game. In nineteen minutes, you can bake scones or get a tooth filled by a dentist; you can fold laundry for a family of five....In nineteen minutes, you can stop the world, or you can just jump off it. In nineteen minutes, you can get revenge. Sterling is a small, ordinary New Hampshire town where nothing ever happens -- until the day its complacency is shattered by a shocking act of violence. In the aftermath, the town's residents must not only seek justice in order to begin healing but also come to terms with the role they played in the tragedy. For them, the lines between truth and fiction, right and wrong, insider and outsider have been obscured forever. Josie Cormier, the teenage daughter of the judge sitting on the case, could be the state's best witness, but she can't remember what happened in front of her own eyes. And as the trial progresses, fault lines between the high school and the adult community begin to show, destroying the closest of friendships and families. Nineteen Minutes is New York Times bestselling author Jodi Picoult's most raw, honest, and important novel yet. Told with the straightforward style for which she has become known, it asks simple questions that have no easy answers: Can your own child become a mystery to you? What does it mean to be different in our society? Is it ever okay for a victim to strike back? And who -- if anyone -- has the right to judge someone else?",Jodi Picoult ,https://images.gr-assets.com/books/1348577596l/14866.jpg,4.12
b68,Water for Elephants,Drama,"An atmospheric, gritty, and compelling novel of star-crossed lovers, set in the circus world circa 1932, by the bestselling author of Riding Lessons.  When Jacob Jankowski, recently orphaned and suddenly adrift, jumps onto a passing train, he enters a world of freaks, drifters, and misfits, a second-rate circus struggling to survive during the Great Depression, making one-night stands in town after endless town. A veterinary student who almost earned his degree, Jacob is put in charge of caring for the circus menagerie. It is there that he meets Marlena, the beautiful young star of the equestrian act, who is married to August, the charismatic but twisted animal trainer. He also meets Rosie, an elephant who seems untrainable until he discovers a way to reach her.  Beautifully written, Water for Elephants is illuminated by a wonderful sense of time and place. It tells a story of a love between two people that overcomes incredible odds in a world in which even love is a luxury that few can afford.", Sara Gruen,https://images.gr-assets.com/books/1494428973l/43641.jpg,4.08
b69,Romeo and Juliet,Drama,"In Romeo and Juliet, Shakespeare creates a violent world, in which two young people fall in love. It is not simply that their families disapprove; the Montagues and the Capulets are engaged in a blood feud. In this death-filled setting, the movement from love at first sight to the lovers’ final union in death seems almost inevitable. And yet, this play set in an extraordinary world has become the quintessential story of young love. In part because of its exquisite language, it is easy to respond as if it were about all young lovers.","William Shakespeare,",https://images.gr-assets.com/books/1554213063l/18135.jpg,3.74
b70,Angels & Demons,Drama,"World-renowned Harvard symbologist Robert Langdon is summoned to a Swiss research facility to analyze a cryptic symbol seared into the chest of a murdered physicist. What he discovers is unimaginable: a deadly vendetta against the Catholic Church by a centuries-old underground organization -- the Illuminati. In a desperate race to save the Vatican from a powerful time bomb, Langdon joins forces in Rome with the beautiful and mysterious scientist Vittoria Vetra. Together they embark on a frantic hunt through sealed crypts, dangerous catacombs, and deserted cathedrals, and into the depths of the most secretive vault on earth...the long-forgotten Illuminati lair.",Dan Brown,https://images.gr-assets.com/books/1527091700l/960.jpg,3.88
b71,The Girl on the Train,Drama,"Rachel catches the same commuter train every morning. She knows it will wait at the same signal each time, overlooking a row of back gardens. She's even started to feel like she knows the people who live in one of the houses. 'Jess and Jason', she calls them. Their life - as she sees it - is perfect. If only Rachel could be that happy. And then she sees something shocking. It's only a minute until the train moves on, but it's enough. Now everything's changed. Now Rachel has a chance to become a part of the lives she's only watched from afar. Now they'll see; she's much more than just the girl on the train...",Paula Hawkins ,https://images.gr-assets.com/books/1554439966l/22557272.jpg,3.91
b72,And the Mountains Echoed,Drama,"So, then. You want a story and I will tell you one...Afghanistan, 1952. Abdullah and his sister Pari live with their father and stepmother in the small village of Shadbagh. Their father, Saboor, is constantly in search of work and they struggle together through poverty and brutal winters. To Abdullah, Pari - as beautiful and sweet-natured as the fairy for which she was named - is everything. More like a parent than a brother, Abdullah will do anything for her, even trading his only pair of shoes for a feather for her treasured collection. Each night they sleep together in their cot, their heads touching, their limbs tangled. One day the siblings journey across the desert to Kabul with their father. Pari and Abdullah have no sense of the fate that awaits them there, for the event which unfolds will tear their lives apart; sometimes a finger must be cut to save the hand. Crossing generations and continents, moving from Kabul, to Paris, to San Francisco, to the Greek island of Tinos, with profound wisdom, depth, insight and compassion, Khaled Hosseini writes about the bonds that define us and shape our lives, the ways in which we help our loved ones in need, how the choices we make resonate through history and how we are often surprised by the people closest to us.", Khaled Hosseini ,https://images.gr-assets.com/books/1358190204l/16115612.jpg,4.05
b73,The Light Between Oceans,Drama,"A captivating, beautiful, and stunningly accomplished debut novel that opens in 1918 Australia - the story of a lighthouse keeper and his wife who make one devastating choice that forever changes two worlds. Australia, 1926. After four harrowing years fighting on the Western Front, Tom Sherbourne returns home to take a job as the lighthouse keeper on Janus Rock, nearly half a day's journey from the coast. To this isolated island, where the supply boat comes once a season and shore leaves are granted every other year at best, Tom brings a young, bold, and loving wife, Isabel. Years later, after two miscarriages and one stillbirth, the grieving Isabel hears a baby's cries on the wind. A boat has washed up onshore carrying a dead man and a living baby. Tom, whose records as a lighthouse keeper are meticulous and whose moral principles have withstood a horrific war, wants to report the man and infant immediately. But Isabel has taken the tiny baby to her breast. Against Tom's judgment, they claim her as their own and name her Lucy. When she is two, Tom and Isabel return to the mainland and are reminded that there are other people in the world. Their choice has devastated one of them. M. L. Stedman's mesmerizing, beautifully written debut novel seduces us into accommodating Isabel's decision to keep this ""gift from God."" And we are swept into a story about extraordinarily compelling characters seeking to find their North Star in a world where there is no right answer, where justice for one person is another's tragic loss.",M.L. Stedman,https://images.gr-assets.com/books/1336683021l/13158800.jpg,4.02
b74,The Fault in Our Stars,Drama,"Despite the tumor-shrinking medical miracle that has bought her a few years, Hazel has never been anything but terminal, her final chapter inscribed upon diagnosis. But when a gorgeous plot twist named Augustus Waters suddenly appears at Cancer Kid Support Group, Hazel's story is about to be completely rewritten. Insightful, bold, irreverent, and raw, The Fault in Our Stars is award-winning author John Green's most ambitious and heartbreaking work yet, brilliantly exploring the funny, thrilling, and tragic business of being alive and in love.",John Green,https://images.gr-assets.com/books/1360206420l/11870085.jpg,4.24
b75,Ender's Game,Sci-Fi,"Andrew ""Ender"" Wiggin thinks he is playing computer simulated war games; he is, in fact, engaged in something far more desperate. The result of genetic experimentation, Ender may be the military genius Earth desperately needs in a war against an alien enemy seeking to destroy all human life. The only way to find out is to throw Ender into ever harsher training, to chip away and find the diamond inside, or destroy him utterly. Ender Wiggin is six years old when it begins. He will grow up fast.But Ender is not the only result of the experiment. The war with the Buggers has been raging for a hundred years, and the quest for the perfect general has been underway almost as long. Ender's two older siblings, Peter and Valentine, are every bit as unusual as he is, but in very different ways. While Peter was too uncontrollably violent, Valentine very nearly lacks the capability for violence altogether. Neither was found suitable for the military's purpose. But they are driven by their jealousy of Ender, and by their inbred drive for power. Peter seeks to control the political process, to become a ruler. Valentine's abilities turn more toward the subtle control of the beliefs of commoner and elite alike, through powerfully convincing essays. Hiding their youth and identities behind the anonymity of the computer networks, these two begin working together to shape the destiny of Earth-an Earth that has no future at all if their brother Ender fails.",Orson Scott Card,https://images.gr-assets.com/books/1408303130l/375802.jpg,4.3
b76,The Hitchhiker's Guide to the Galaxy,Sci-Fi,"Seconds before the Earth is demolished to make way for a galactic freeway, Arthur Dent is plucked off the planet by his friend Ford Prefect, a researcher for the revised edition of The Hitchhiker's Guide to the Galaxy who, for the last fifteen years, has been posing as an out-of-work actor.Together this dynamic pair begin a journey through space aided by quotes from The Hitchhiker's Guide (""A towel is about the most massively useful thing an interstellar hitchhiker can have"") and a galaxy-full of fellow travelers: Zaphod Beeblebrox—the two-headed, three-armed ex-hippie and totally out-to-lunch president of the galaxy; Trillian, Zaphod's girlfriend (formally Tricia McMillan), whom Arthur tried to pick up at a cocktail party once upon a time zone; Marvin, a paranoid, brilliant, and chronically depressed robot; Veet Voojagig, a former graduate student who is obsessed with the disappearance of all the ballpoint pens he bought over the years.",Douglas Adams,https://images.gr-assets.com/books/1388282444l/386162.jpg,4.22
b77,Dune,Sci-Fi,"Set in the far future amidst a sprawling feudal interstellar empire where planetary dynasties are controlled by noble houses that owe an allegiance to the imperial House Corrino, Dune tells the story of young Paul Atreides (the heir apparent to Duke Leto Atreides and heir of House Atreides) as he and his family accept control of the desert planet Arrakis, the only source of the 'spice' melange, the most important and valuable substance in the cosmos. The story explores the complex, multi-layered interactions of politics, religion, ecology, technology, and human emotion as the forces of the empire confront each other for control of Arrakis.Published in 1965, it won the Hugo Award in 1966 and the inaugural Nebula Award for Best Novel. Dune is frequently cited as the world's best-selling sf novel.",Frank Herbert  ,https://images.gr-assets.com/books/1434908555l/234225.jpg,4.21
b78,The Martian,Sci-Fi,"Six days ago, astronaut Mark Watney became one of the first people to walk on Mars. Now, he’s sure he’ll be the first person to die there.After a dust storm nearly kills him and forces his crew to evacuate while thinking him dead, Mark finds himself stranded and completely alone with no way to even signal Earth that he’s alive—and even if he could get word out, his supplies would be gone long before a rescue could arrive. Chances are, though, he won’t have time to starve to death. The damaged machinery, unforgiving environment, or plain-old “human error” are much more likely to kill him first. But Mark isn’t ready to give up yet. Drawing on his ingenuity, his engineering skills — and a relentless, dogged refusal to quit — he steadfastly confronts one seemingly insurmountable obstacle after the next. Will his resourcefulness be enough to overcome the impossible odds against him?",Andy Weir,https://images.gr-assets.com/books/1447303603l/2767052.jpg,4.4
b79,The Hunger Games,Sci-Fi,"Could you survive on your own, in the wild, with everyone out to make sure you don't live to see the morning?In the ruins of a place once known as North America lies the nation of Panem, a shining Capitol surrounded by twelve outlying districts. The Capitol is harsh and cruel and keeps the districts in line by forcing them all to send one boy and one girl between the ages of twelve and eighteen to participate in the annual Hunger Games, a fight to the death on live TV. Sixteen-year-old Katniss Everdeen, who lives alone with her mother and younger sister, regards it as a death sentence when she is forced to represent her district in the Games. But Katniss has been close to dead before - and survival, for her, is second nature. Without really meaning to, she becomes a contender. But if she is to win, she will have to start making choices that weigh survival against humanity and life against love.New York Times bestselling author Suzanne Collins delivers equal parts suspense and philosophy, adventure and romance, in this searing novel set in a future with unsettling parallels to our present.",Suzanne Collins,https://images.gr-assets.com/books/1447303603l/2767052.jpg,4.33
b80,Ready Player One,Sci-Fi,"In the year 2045, reality is an ugly place. The only time teenage Wade Watts really feels alive is when he's jacked into the virtual utopia known as the OASIS. Wade's devoted his life to studying the puzzles hidden within this world's digital confines, puzzles that are based on their creator's obsession with the pop culture of decades past and that promise massive power and fortune to whoever can unlock them. When Wade stumbles upon the first clue, he finds himself beset by players willing to kill to take this ultimate prize. The race is on, and if Wade's going to survive, he'll have to win—and confront the real world he's always been so desperate to escape. ",Ray Bradbury,https://images.gr-assets.com/books/1383718290l.jpg,4.28
b81,Fahrenheit 451,Sci-Fi,"Guy Montag is a fireman. In his world, where television rules and literature is on the brink of extinction, firemen start fires rather than put them out. His job is to destroy the most illegal of commodities, the printed book, along with the houses in which they are hidden.Montag never questions the destruction and ruin his actions produce, returning each day to his bland life and wife, Mildred, who spends all day with her television 'family'. But then he meets an eccentric young neighbor, Clarisse, who introduces him to a past where people did not live in fear and to a present where one sees the world through the ideas in books instead of the mindless chatter of television.When Mildred attempts suicide and Clarisse suddenly disappears, Montag begins to question everything he has ever known",George Orwell,https://images.gr-assets.com/books/1532714506l/40961427.jpg,3.98
b82,1984,Sci-Fi,"Among the seminal texts of the 20th century, Nineteen Eighty-Four is a rare work that grows more haunting as its futuristic purgatory becomes more real. Published in 1949, the book offers political satirist George Orwell's nightmarish vision of a totalitarian, bureaucratic world and one poor stiff's attempt to find individuality. The brilliance of the novel is Orwell's prescience of modern life--the ubiquity of television, the distortion of the language--and his ability to construct such a thorough version of hell. Required reading for students since it was published, it ranks among the most terrifying novels ever written","Aldous Huxley,  Felisberto Albuquerque ",https://images.gr-assets.com/books/1523061131l/5129.jpg,4.17
b83,Brave New World,Sci-Fi,"Brave New World is a dystopian novel written in 1931 by English author Aldous Huxley, and published in 1932. Largely set in a futuristic World State of genetically modified citizens and an intelligence-based social hierarchy, the novel anticipates huge scientific developments in reproductive technology, sleep-learning, psychological manipulation, and classical conditioning that are combined to make a utopian society that goes challenged only by a single outsider.", Isaac Asimov,https://images.gr-assets.com/books/1417900846l/29579.jpg,3.98
b84,Foundation,Sci-Fi,"For twelve thousand years the Galactic Empire has ruled supreme. Now it is dying. But only Hari Seldon, creator of the revolutionary science of psychohistory, can see into the future -- to a dark age of ignorance, barbarism, and warfare that will last thirty thousand years. To preserve knowledge and save mankind, Seldon gathers the best minds in the Empire -- both scientists and scholars -- and brings them to a bleak planet at the edge of the Galaxy to serve as a beacon of hope for a future generations. He calls his sanctuary the Foundation.But soon the fledgling Foundation finds itself at the mercy of corrupt warlords rising in the wake of the receding Empire. Mankind's last best hope is faced with an agonizing choice: submit to the barbarians and be overrun -- or fight them and be destroyed.",Suzanne Collins,https://images.gr-assets.com/books/1358273780l/6148028.jpg,4.15
b85,Catching Fire,Sci-Fi,"Against all odds, Katniss has won the Hunger Games. She and fellow District 12 tribute Peeta Mellark are miraculously still alive. Katniss should be relieved, happy even. After all, she has returned to her family and her longtime friend, Gale. Yet nothing is the way Katniss wishes it to be. Gale holds her at an icy distance. Peeta has turned his back on her completely. And there are whispers of a rebellion against the Capitol - a rebellion that Katniss and Peeta may have helped create.Much to her shock, Katniss has fueled an unrest she's afraid she cannot stop. And what scares her even more is that she's not entirely convinced she should try. As time draws near for Katniss and Peeta to visit the districts on the Capitol's cruel Victory Tour, the stakes are higher than ever. If they can't prove, without a shadow of a doubt, that they are lost in their love for each other, the consequences will be horrifying. In Catching Fire, the second novel in the Hunger Games trilogy, Suzanne Collins continues the story of Katniss Everdeen, testing her more than ever before...and surprising readers at every turn.",Philip K. Dick,https://images.gr-assets.com/books/1507838927l/36402034.jpg,4.29
b86,Do Androids Dream of Electric Sheep?,Sci-Fi,"It was January 2021, and Rick Deckard had a license to kill.Somewhere among the hordes of humans out there, lurked several rogue androids. Deckard's assignment--find them and then...""retire"" them. Trouble was, the androids all looked exactly like humans, and they didn't want to be found!",Suzanne Collins,https://images.gr-assets.com/books/1358275419l/7260188.jpg,4.08
b87,Mockingjay,Sci-Fi,"Katniss Everdeen, girl on fire, has survived, even though her home has been destroyed. Gale has escaped. Katniss's family is safe. Peeta has been captured by the Capitol. District 13 really does exist. There are rebels. There are new leaders. A revolution is unfolding.It is by design that Katniss was rescued from the arena in the cruel and haunting Quarter Quell, and it is by design that she has long been part of the revolution without knowing it. District 13 has come out of the shadows and is plotting to overthrow the Capitol. Everyone, it seems, has had a hand in the carefully laid plans--except Katniss. The success of the rebellion hinges on Katniss's willingness to be a pawn, to accept responsibility for countless lives, and to change the course of the future of Panem. To do this, she must put aside her feelings of anger and distrust. She must become the rebels' Mockingjay--no matter what the personal cost.",H.G. Wells,https://images.gr-assets.com/books/1327942880l/2493.jpg,4.03
b88,The Time Machine,Sci-Fi,"So begins the Time Traveller’s astonishing firsthand account of his journey 800,000 years beyond his own era—and the story that launched H.G. Wells’s successful career and earned him his reputation as the father of science fiction. With a speculative leap that still fires the imagination, Wells sends his brave explorer to face a future burdened with our greatest hopes...and our darkest fears. A pull of the Time Machine’s lever propels him to the age of a slowly dying Earth.  There he discovers two bizarre races—the ethereal Eloi and the subterranean Morlocks—who not only symbolize the duality of human nature, but offer a terrifying portrait of the men of tomorrow as well.  Published in 1895, this masterpiece of invention captivated readers on the threshold of a new century. Thanks to Wells’s expert storytelling and provocative insight, The Time Machine will continue to enthrall readers for generations to come","William Gibson,  Jack Womack ",https://images.gr-assets.com/books/1281419771l/888628.jpg,3.88
b89,Neuromancer,Sci-Fi,"Case was the sharpest data thief in the Matrix, until an ex-employer crippled his nervous system. Now a new employer has recruited him for a last-chance run against an unthinkably powerful artificial intelligence. With a mirror-eyed girl street-samurai riding shotgun, he's ready for the silicon-quick, bleakly prophetic adventure that upped the ante on an entire genre of fiction", Isaac Asimov,https://images.gr-assets.com/books/1388321463l/41804.jpg,3.89
b90,"I, Robot",Sci-Fi,"The three laws of Robotics: 1) A robot may not injure a human being or, through inaction, allow a human being to come to harm.2) A robot must obey orders given to it by human beings except where such orders would conflict with the First Law.3) A robot must protect its own existence as long as such protection does not conflict with the First or Second Law.With these three, simple directives, Isaac Asimov changed our perception of robots forever when he formulated the laws governing their behavior. In I, Robot, Asimov chronicles the development of the robot through a series of interlinked stories: from its primitive origins in the present to its ultimate perfection in the not-so-distant future--a future in which humanity itself may be rendered obsolete.Here are stories of robots gone mad, of mind-read robots, and robots with a sense of humor. Of robot politicians, and robots who secretly run the world--all told with the dramatic blend of science fact and science fiction that has become Asimov's trademark.",Isaac Asimov,https://images.gr-assets.com/books/1388321463l/41804.jpg,4.19
b91,"Good Omens: The Nice and Accurate Prophecies of Agnes Nutter, Witch",Comedy,"\An alternative cover for this ISBN can be found hereAccording to The Nice and Accurate Prophecies of Agnes Nutter, Witch (the world's only completely accurate book of prophecies, written in 1655, before she exploded), the world will end on a Saturday. Next Saturday, in fact. Just before dinner.So the armies of Good and Evil are amassing, Atlantis is rising, frogs are falling, tempers are flaring. Everything appears to be going according to Divine Plan. Except a somewhat fussy angel and a fast-living demon—both of whom have lived amongst Earth's mortals since The Beginning and have grown rather fond of the lifestyle—are not actually looking forward to the coming Rapture.And someone seems to have misplaced the Antichrist . . . ","Terry Pratchett,  Neil Gaiman",https://images.gr-assets.com/books/1392528568l/12067.jpg,4.25
b92,Is Everyone Hanging Out Without Me?,Comedy,"Mindy Kaling has lived many lives: the obedient child of immigrant professionals, a timid chubster afraid of her own bike, a Ben Affleck–impersonating Off-Broadway performer and playwright, and, finally, a comedy writer and actress prone to starting fights with her friends and coworkers with the sentence “Can I just say one last thing about this, and then I swear I’ll shut up about it?” Perhaps you want to know what Mindy thinks makes a great best friend (someone who will fill your prescription in the middle of the night), or what makes a great guy (one who is aware of all elderly people in any room at any time and acts accordingly), or what is the perfect amount of fame (so famous you can never get convicted of murder in a court of law), or how to maintain a trim figure (you will not find that information in these pages). If so, you’ve come to the right book, mostly!In Is Everyone Hanging Out Without Me?, Mindy invites readers on a tour of her life and her unscientific observations on romance, friendship, and Hollywood, with several conveniently placed stopping points for you to run errands and make phone calls. Mindy Kaling really is just a Girl Next Door—not so much literally anywhere in the continental United States, but definitely if you live in India or Sri Lanka.", Mindy Kaling,https://images.gr-assets.com/books/1443264638l/10335308.jpg,3.85
b93,Yes Please,Comedy,"In Amy Poehler’s highly anticipated first book, Yes Please, she offers up a big juicy stew of personal stories, funny bits on sex and love and friendship and parenthood and real life advice (some useful, some not so much), like when to be funny and when to be serious. Powered by Amy’s charming and hilarious, biting yet wise voice, Yes Please is a book full of words to live by",Amy Poehler,https://images.gr-assets.com/books/1402815435l/20910157.jpg,3.82
b94,The Restaurant at the End of the Universe,Comedy,"Facing annihilation at the hands of the warlike Vogons is a curious time to have a cosmically displaced Arthur Dent and his curious comrades in arms as they hurtle through space powered by pure improbability - and desperately in search of a place to eat. Among Arthur's motley shipmates are Ford Prefect, a long-time friend and contributor to the The Hitch Hiker's Guide to the Galaxy; Zaphod Beeblebrox, the three-armed, two-headed ex-president of the galaxy; Tricia McMilan, a fellow Earth refuge who's gone native (her name is Trillian now); and Marvin, who suffers nothing and no one gladly.",Douglas Adams,https://images.gr-assets.com/books/1521213881l/8695.jpg,4.22
b95,Me Talk Pretty One Day,Comedy,"David Sedaris' move to Paris from New York inspired these hilarious pieces, including the title essay, about his attempts to learn French from a sadistic teacher who declares that every day spent with you is like having a caesarean section. His family is another inspiration. You Can't Kill the Rooster is a portrait of his brother, who talks incessant hip-hop slang to his bewildered father. And no one hones a finer fury in response to such modern annoyances as restaurant meals presented in ludicrous towers of food and cashiers with six-inch fingernails.",David Sedaris,https://images.gr-assets.com/books/1431013639l/4137.jpg,3.98
b96,The Color of Magic,Comedy,"Terry Pratchett's profoundly irreverent, bestselling novels have garnered him a revered position in the halls of parody next to the likes of Mark Twain, Kurt Vonnegut, Douglas Adams, and Carl Hiaasen. The Color of Magic is Terry Pratchett's maiden voyage through the now-legendary land of Discworld. This is where it all begins -- with the tourist Twoflower and his wizard guide, Rincewind. On a world supported on the back of a giant turtle (sex unknown), a gleeful, explosive, wickedly eccentric expedition sets out. There's an avaricious but inept wizard, a naive tourist whose luggage moves on hundreds of dear little legs, dragons who only exist if you believe in them, and of course THE EDGE of the planet... ",Terry Pratchett,https://images.gr-assets.com/books/1407111017l/34497.jpg,3.99
b97,"Life, the Universe and Everything",Comedy,"The unhappy inhabitants of planet Krikkit are sick of looking at the night sky above their heads–so they plan to destroy it. The universe, that is. Now only five individuals stand between the killer robots of Krikkit and their goal of total annihilation.They are Arthur Dent, a mild-mannered space and time traveler who tries to learn how to fly by throwing himself at the ground and missing; Ford Prefect, his best friend, who decides to go insane to see if he likes it; Slartibartfast, the indomitable vice president of the Campaign for Real Time, who travels in a ship powered by irrational behavior; Zaphod Beeblebrox, the two-headed, three-armed ex-president of the galazy; and Trillian, the sexy space cadet who is torn between a persistent Thunder God and a very depressed Beeblebrox.How will it all end? Will it end? Only this stalwart crew knows as they try to avert “universal” Armageddon and save life as we know it–and don’t know it!",Douglas Adams,https://images.gr-assets.com/books/1333577589l/8694.jpg,4.2
b98,Assuming Names: A Con Artist's Masquerade,Comedy,"The detectives were embarrassed but they still wanted answered, ""How did a 15-year-old runaway successfully pose as a world traveled countess?"" The newspapers turned it back on them, practically sneering, ""How did she do it while under investigation by the FBI, DEA, and Interpol?"" The Mafia had been demanding the same thing for six months, ""What is your real name?"" And the psychologists asked the question they always ask, ""Why?"" It’s the why of it that will keep a girl in trouble. Assuming Names is the true story of a young con artist. It’s the tale of a runaway that assumed the title of Countess and then went on to fool the FBI, DEA, and Interpol—as well as a number of other celebrities and institutions—with an elaborate tale of world intrigue.A NOTE FROM THE AUTHOR: Hello everyone. This is Tanya. You may find yourself reading my book and saying, “No, this did not happen.” You may be inclined to say it is too far-fetched and, quite frankly, impossible. I have provided evidence at my website that what I write is the truth. I mention it at the front of the book but it may be easy to overlook, so I am reiterating here.At my website are copies of the newspaper and magazine articles mentioned in the book. The articles are from the Austin American Statesman, The Dallas Morning News, and Woman’s World Magazine. They are all nationally recognized media for news. Previous reviewers were concerned I may have gone to Photoshop to create them, and while my book does paint me as the sort that would do such a thing, the reality is that those media institutions would sue me into submission before the cache could be cleared. ",Tanya Thompson,https://images.gr-assets.com/books/1394851829l/21449526.jpg,3.51
b99,"So Long, and Thanks for All the Fish",Comedy,"Back on Earth with nothing more to show for his long, strange trip through time and space than a ratty towel and a plastic shopping bag, Arthur Dent is ready to believe that the past eight years were all just a figment of his stressed-out imagination. But a gift-wrapped fishbowl with a cryptic inscription, the mysterious disappearance of Earth's dolphins, and the discovery of his battered copy of The Hitchhiker's Guide to the Galaxy all conspire to give Arthur the sneaking suspicion that something otherworldly is indeed going on. . . .God only knows what it all means. And fortunately, He left behind a Final Message of explanation. But since it's light-years away from Earth, on a star surrounded by souvenir booths, finding out what it is will mean hitching a ride to the far reaches of space aboard a UFO with a giant robot. But what else is new?",Douglas Adams,https://images.gr-assets.com/books/1327873354l/6091075.jpg,4.09
b100,"Lamb: The Gospel According to Biff, Christ's Childhood Pal",Comedy,"The birth of Jesus has been well chronicled, as have his glorious teachings, acts, and divine sacrifice after his thirtieth birthday. But no one knows about the early life of the Son of God, the missing years—except Biff, the Messiah's best bud, who has been resurrected to tell the story in the divinely hilarious yet heartfelt work ""reminiscent of Vonnegut and Douglas Adams"" (Philadelphia Inquirer).Verily, the story Biff has to tell is a miraculous one, filled with remarkable journeys, magic, healings, kung fu, corpse reanimations, demons, and hot babes. Even the considerable wiles and devotion of the Savior's pal may not be enough to divert Joshua from his tragic destiny. But there's no one who loves Josh more—except maybe ""Maggie,"" Mary of Magdala—and Biff isn't about to let his extraordinary pal suffer and ascend without a fight. ",Christopher Moore,https://images.gr-assets.com/books/1331419009l/28881.jpg,4.26
b101,The Princess Bride,Comedy,"What happens when the most beautiful girl in the world marries the handsomest prince of all time and he turns out to be...well...a lot less than the man of her dreams?As a boy, William Goldman claims, he loved to hear his father read the S. Morgenstern classic, The Princess Bride. But as a grown-up he discovered that the boring parts were left out of good old Dad's recitation, and only the ""good parts"" reached his ears.Now Goldman does Dad one better. He's reconstructed the ""Good Parts Version"" to delight wise kids and wide-eyed grownups everywhere.What's it about? Fencing. Fighting. True Love. Strong Hate. Harsh Revenge. A Few Giants. Lots of Bad Men. Lots of Good Men. Five or Six Beautiful Women. Beasties Monstrous and Gentle. Some Swell Escapes and Captures. Death, Lies, Truth, Miracles, and a Little Sex.In short, it's about everything", William Goldman,https://images.gr-assets.com/books/1327903636l/21787.jpg,4.26
b102,The Importance of Being Earnest,Comedy,"Oscar Wilde's madcap farce about mistaken identities, secret engagements, and lovers entanglements still delights readers more than a century after its 1895 publication and premiere performance. The rapid-fire wit and eccentric characters of The Importance of Being Earnest have made it a mainstay of the high school curriculum for decades.Cecily Cardew and Gwendolen Fairfax are both in love with the same mythical suitor. Jack Worthing has wooed Gwendolen as Ernest while Algernon has also posed as Ernest to win the heart of Jack's ward, Cecily. When all four arrive at Jack's country home on the same weekend the ""rivals"" to fight for Ernest's undivided attention and the ""Ernests"" to claim their beloveds pandemonium breaks loose. Only a senile nursemaid and an old, discarded hand-bag can save the day!This Prestwick House Literary Touchstone Edition includes a glossary and reader's notes to help the modern reader appreciate Wilde's wry wit and elaborate plot twists. ",Oscar Wilde,https://images.gr-assets.com/books/1298438452l/92303.jpg,4.17
