movie_id,movie_title,movie_genre,movie_plot,movie_link,imdb_rating,director,actors
m1,Suicide Squad,"Action, Adventure, Fantasy, Sci-Fi",A secret government agency recruits some of the most dangerous incarcerated super-villains to form a defensive task force. Their first mission: save the world from the apocalypse.,https://m.media-amazon.com/images/M/MV5BMjM1OTMxNzUyM15BMl5BanBnXkFtZTgwNjYzMTIzOTE@._V1_SX300.jpg,6.1,David Ayer,"Will Smith, Jaime FitzSimons, Ike Barinholtz, Margot Robbie"
m2,Deadpool,"Action, Adventure, Comedy, Sci-Fi","A wisecracking mercenary gets experimented on and becomes immortal but ugly, and sets out to track down the man who ruined his looks.",https://m.media-amazon.com/images/M/MV5BYzE5MjY1ZDgtMTkyNC00MTMyLThhMjAtZGI5OTE1NzFlZGJjXkEyXkFqcGdeQXVyNjU0OTQ0OTY@._V1_SX300.jpg,8,Tim Miller,"Ryan Reynolds, Karan Soni, Ed Skrein, Michael Benyaer"
m3,Captain America: Civil War,"Action, Adventure, Sci-Fi",Political involvement in the Avengers' affairs causes a rift between Captain America and Iron Man.,https://m.media-amazon.com/images/M/MV5BMjQ0MTgyNjAxMV5BMl5BanBnXkFtZTgwNjUzMDkyODE@._V1_SX300.jpg,7.8,"Anthony Russo, Joe Russo","Chris Evans, Robert Downey Jr., Scarlett Johansson, Sebastian Stan"
m4,X-Men: Apocalypse,"Action, Adventure, Sci-Fi","In the 1980s the X-Men must defeat an ancient all-powerful mutant, En Sabah Nur, who intends to thrive through bringing destruction to the world.",https://m.media-amazon.com/images/M/MV5BMjU1ODM1MzYxN15BMl5BanBnXkFtZTgwOTA4NDE2ODE@._V1_SX300.jpg,7,Bryan Singer,"James McAvoy, Michael Fassbender, Jennifer Lawrence, Nicholas Hoult"
m5,Thor: Ragnarok,"Action, Adventure, Comedy, Fantasy, Sci-Fi","Thor is imprisoned on the planet Sakaar, and must race against time to return to Asgard and stop Ragnarök, the destruction of his world, at the hands of the powerful and ruthless villain Hela.",https://m.media-amazon.com/images/M/MV5BMjMyNDkzMzI1OF5BMl5BanBnXkFtZTgwODcxODg5MjI@._V1_SX300.jpg,7.9,Taika Waititi,"Chris Hemsworth, Tom Hiddleston, Cate Blanchett, Idris Elba"
m6,Guardians of the Galaxy,"Action, Adventure, Comedy, Sci-Fi",A group of intergalactic criminals must pull together to stop a fanatical warrior with plans to purge the universe.,https://m.media-amazon.com/images/M/MV5BMTAwMjU5OTgxNjZeQTJeQWpwZ15BbWU4MDUxNDYxODEx._V1_SX300.jpg,8.1,James Gunn,"Chris Pratt, Zoe Saldana, Dave Bautista, Vin Diesel"
m7,Justice League,"Action, Adventure, Fantasy, Sci-Fi","Fueled by his restored faith in humanity and inspired by Superman's selfless act, Bruce Wayne enlists the help of his new-found ally, Diana Prince, to face an even greater enemy.",https://m.media-amazon.com/images/M/MV5BYWVhZjZkYTItOGIwYS00NmRkLWJlYjctMWM0ZjFmMDU4ZjEzXkEyXkFqcGdeQXVyMTMxODk2OTU@._V1_SX300.jpg,6.5,Zack Snyder,"Ben Affleck, Henry Cavill, Amy Adams, Gal Gadot"
m8,Logan,"Action, Drama, Sci-Fi, Thriller","In a future where mutants are nearly extinct, an elderly and weary Logan leads a quiet life. But when Laura, a mutant child pursued by scientists, comes to him for help, he must get her to safety.",https://m.media-amazon.com/images/M/MV5BYzc5MTU4N2EtYTkyMi00NjdhLTg3NWEtMTY4OTEyMzJhZTAzXkEyXkFqcGdeQXVyNjc1NTYyMjg@._V1_SX300.jpg,8.1,James Mangold,"Hugh Jackman, Patrick Stewart, Dafne Keen, Boyd Holbrook"
m9,Spider-Man: Homecoming,"Action, Adventure, Sci-Fi","Peter Parker balances his life as an ordinary high school student in Queens with his superhero alter-ego Spider-Man, and finds himself on the trail of a new menace prowling the skies of New York City.",https://m.media-amazon.com/images/M/MV5BNTk4ODQ1MzgzNl5BMl5BanBnXkFtZTgwMTMyMzM4MTI@._V1_SX300.jpg,7.5,Jon Watts,"Tom Holland, Michael Keaton, Robert Downey Jr., Marisa Tomei"
m10,Aquaman,"Action, Adventure, Fantasy, Sci-Fi","Arthur Curry, the human-born heir to the underwater kingdom of Atlantis, goes on a quest to prevent a war between the worlds of ocean and land.",https://m.media-amazon.com/images/M/MV5BOTk5ODg0OTU5M15BMl5BanBnXkFtZTgwMDQ3MDY3NjM@._V1_SX300.jpg,7.2,James Wan,"Jason Momoa, Amber Heard, Willem Dafoe, Patrick Wilson"
m11,Avengers: Infinity War,"Action, Adventure, Sci-Fi",The Avengers and their allies must be willing to sacrifice all in an attempt to defeat the powerful Thanos before his blitz of devastation and ruin puts an end to the universe.,https://m.media-amazon.com/images/M/MV5BMjMxNjY2MDU1OV5BMl5BanBnXkFtZTgwNzY1MTUwNTM@._V1_SX300.jpg,8.5,"Anthony Russo, Joe Russo","Robert Downey Jr., Chris Hemsworth, Mark Ruffalo, Chris Evans"
m12,Avengers: Age of Ultron,"Action, Adventure, Sci-Fi","When Tony Stark and Bruce Banner try to jump-start a dormant peacekeeping program called Ultron, things go horribly wrong and it's up to Earth's mightiest heroes to stop the villainous Ultron from enacting his terrible plan.",https://m.media-amazon.com/images/M/MV5BMTM4OGJmNWMtOTM4Ni00NTE3LTg3MDItZmQxYjc4N2JhNmUxXkEyXkFqcGdeQXVyNTgzMDMzMTg@._V1_SX300.jpg,7.4,Joss Whedon,"Robert Downey Jr., Chris Hemsworth, Mark Ruffalo, Chris Evans"
m13,The Avengers,"Action, Adventure, Sci-Fi",Earth's mightiest heroes must come together and learn to fight as a team if they are going to stop the mischievous Loki and his alien army from enslaving humanity.,https://m.media-amazon.com/images/M/MV5BNDYxNjQyMjAtNTdiOS00NGYwLWFmNTAtNThmYjU5ZGI2YTI1XkEyXkFqcGdeQXVyMTMxODk2OTU@._V1_SX300.jpg,8.1,Joss Whedon,"Robert Downey Jr., Chris Evans, Mark Ruffalo, Chris Hemsworth"
m14,Avengers: Endgame,"Action, Adventure, Fantasy, Sci-Fi","After the devastating events of Avengers: Infinity War (2018), the universe is in ruins. With the help of remaining allies, the Avengers assemble once more in order to undo Thanos' actions and restore order to the universe.",https://m.media-amazon.com/images/M/MV5BNGZiMzBkZjMtNjE3Mi00MWNlLWIyYjItYTk3MjY0Yjg5ODZkXkEyXkFqcGdeQXVyNDg4NjY5OTQ@._V1_SX300.jpg,0,"Anthony Russo, Joe Russo","Bradley Cooper, Brie Larson, Chris Hemsworth, Chris Evans"
m15,Captain Marvel,"Action, Adventure, Sci-Fi",Carol Danvers becomes one of the universe's most powerful heroes when Earth is caught in the middle of a galactic war between two alien races.,https://m.media-amazon.com/images/M/MV5BMTE0YWFmOTMtYTU2ZS00ZTIxLWE3OTEtYTNiYzBkZjViZThiXkEyXkFqcGdeQXVyODMzMzQ4OTI@._V1_SX300.jpg,6.9,"Anna Boden, Ryan Fleck","Brie Larson, Samuel L. Jackson, Ben Mendelsohn, Jude Law"
m16,Shazam,"Short, Family",A father teaches his son about the harsh realities of being a black man in a new and inventive way.,https://m.media-amazon.com/images/M/MV5BNmZjZDQ1N2QtMTNkMS00OGYyLWI2MTktOWVlMzliMjlhMTBjXkEyXkFqcGdeQXVyODkwNDUwNw@@._V1_SX300.jpg,8.6,Royston Innes,"Roman Dior Degeddingseze, Christopher Mychael Watson"
m17,Bumblebee,"Action, Adventure, Sci-Fi","On the run in the year of 1987, Bumblebee finds refuge in a junkyard in a small Californian beach town. Charlie, on the cusp of turning 18 and trying to find her place in the world, discovers Bumblebee, battle-scarred and broken.",https://m.media-amazon.com/images/M/MV5BMjUwNjU5NDMyNF5BMl5BanBnXkFtZTgwNzgxNjM2NzM@._V1_SX300.jpg,7,Travis Knight,"Hailee Steinfeld, Jorge Lendeborg Jr., John Cena, Jason Drucker"
m18,The Meg,"Action, Horror, Sci-Fi, Thriller","After escaping an attack by what he claims was a 70-foot shark, Jonas Taylor must confront his fears to save those trapped in a sunken submersible.",https://m.media-amazon.com/images/M/MV5BMjg0MzA4MDE0N15BMl5BanBnXkFtZTgwMzk3MzAwNjM@._V1_SX300.jpg,5.7,Jon Turteltaub,"Jason Statham, Bingbing Li, Rainn Wilson, Cliff Curtis"
m19,Black Panther,"Action, Adventure, Sci-Fi","T'Challa, heir to the hidden but advanced kingdom of Wakanda, must step forward to lead his people into a new future and must confront a challenger from his country's past.",https://m.media-amazon.com/images/M/MV5BMTg1MTY2MjYzNV5BMl5BanBnXkFtZTgwMTc4NTMwNDI@._V1_SX300.jpg,7.3,Ryan Coogler,"Chadwick Boseman, Michael B. Jordan, Lupita Nyong'o, Danai Gurira"
m20,Jurassic World: Fallen Kingdom,"Action, Adventure, Sci-Fi","When the island's dormant volcano begins roaring to life, Owen and Claire mount a campaign to rescue the remaining dinosaurs from this extinction-level event.",https://m.media-amazon.com/images/M/MV5BNzIxMjYwNDEwN15BMl5BanBnXkFtZTgwMzk5MDI3NTM@._V1_SX300.jpg,6.2,J.A. Bayona,"Chris Pratt, Bryce Dallas Howard, Rafe Spall, Justice Smith"
m21,Venom,"Action, Sci-Fi, Thriller","A failed reporter is bonded to an alien entity, one of many symbiotes who have invaded Earth. But the being takes a liking to Earth and decides to protect it.",https://m.media-amazon.com/images/M/MV5BNzAwNzUzNjY4MV5BMl5BanBnXkFtZTgwMTQ5MzM0NjM@._V1_SX300.jpg,6.8,Ruben Fleischer,"Tom Hardy, Michelle Williams, Riz Ahmed, Scott Haze"
m22,Wonder Woman,"Action, Adventure, Fantasy, Sci-Fi, War","When a pilot crashes and tells of conflict in the outside world, Diana, an Amazonian warrior in training, leaves home to fight a war, discovering her full powers and true destiny.",https://m.media-amazon.com/images/M/MV5BNDFmZjgyMTEtYTk5MC00NmY0LWJhZjktOWY2MzI5YjkzODNlXkEyXkFqcGdeQXVyMDA4NzMyOA@@._V1_SX300.jpg,7.5,Patty Jenkins,"Gal Gadot, Chris Pine, Connie Nielsen, Robin Wright"
m23,Baywatch,"Action, Comedy, Crime","Devoted lifeguard Mitch Buchannon butts heads with a brash new recruit, as they uncover a criminal plot that threatens the future of the bay.",https://m.media-amazon.com/images/M/MV5BNTA4MjQ0ODQzNF5BMl5BanBnXkFtZTgwNzA5NjYzMjI@._V1_SX300.jpg,5.6,Seth Gordon,"Dwayne Johnson, Zac Efron, Priyanka Chopra, Alexandra Daddario"
m24,Jumanji: Welcome to the Jungle,"Action, Adventure, Comedy, Fantasy","Four teenagers are sucked into a magical video game, and the only way they can escape is to work together to finish the game.",https://m.media-amazon.com/images/M/MV5BODQ0NDhjYWItYTMxZi00NTk2LWIzNDEtOWZiYWYxZjc2MTgxXkEyXkFqcGdeQXVyMTQxNzMzNDI@._V1_SX300.jpg,7,Jake Kasdan,"Dwayne Johnson, Kevin Hart, Jack Black, Karen Gillan"
m25,Moana,"Animation, Adventure, Comedy, Family, Fantasy, Musical","In Ancient Polynesia, when a terrible curse incurred by the Demigod Maui reaches Moana's island, she answers the Ocean's call to seek out the Demigod to set things right.",https://m.media-amazon.com/images/M/MV5BMjI4MzU5NTExNF5BMl5BanBnXkFtZTgwNzY1MTEwMDI@._V1_SX300.jpg,7.6,"Ron Clements, John Musker, Don Hall(co-director), Chris Williams(co-director)","Auli'i Cravalho, Dwayne Johnson, Rachel House, Temuera Morrison"
m26,The Jungle Book,"Adventure, Drama, Family, Fantasy","After a threat from the tiger Shere Khan forces him to flee the jungle, a man-cub named Mowgli embarks on a journey of self discovery with the help of panther Bagheera and free-spirited bear Baloo.",https://m.media-amazon.com/images/M/MV5BMTc3NTUzNTI4MV5BMl5BanBnXkFtZTgwNjU0NjU5NzE@._V1_SX300.jpg,7.4,Jon Favreau,"Neel Sethi, Bill Murray, Ben Kingsley, Idris Elba"
m27,Zootopia,"Animation, Adventure, Comedy, Crime, Family, Mystery","In a city of anthropomorphic animals, a rookie bunny cop and a cynical con artist fox must work together to uncover a conspiracy.",https://m.media-amazon.com/images/M/MV5BOTMyMjEyNzIzMV5BMl5BanBnXkFtZTgwNzIyNjU0NzE@._V1_SX300.jpg,8,"Byron Howard, Rich Moore, Jared Bush(co-director)","Ginnifer Goodwin, Jason Bateman, Idris Elba, Jenny Slate"
m28,Coco,"Animation, Adventure, Comedy, Family, Fantasy, Music, Mystery","Aspiring musician Miguel, confronted with his family's ancestral ban on music, enters the Land of the Dead to find his great-great-grandfather, a legendary singer.",https://m.media-amazon.com/images/M/MV5BYjQ5NjM0Y2YtNjZkNC00ZDhkLWJjMWItN2QyNzFkMDE3ZjAxXkEyXkFqcGdeQXVyODIxMzk5NjA@._V1_SX300.jpg,8.4,"Lee Unkrich, Adrian Molina(co-director)","Anthony Gonzalez, Gael García Bernal, Benjamin Bratt, Alanna Ubach"
m29,Despicable Me 3,"Animation, Action, Adventure, Comedy, Family, Fantasy, Sci-Fi","Gru meets his long-lost charming, cheerful, and more successful twin brother Dru who wants to team up with him for one last criminal heist.",https://m.media-amazon.com/images/M/MV5BNjUyNzQ2MTg3Ml5BMl5BanBnXkFtZTgwNzE4NDM3MTI@._V1_SX300.jpg,6.3,"Kyle Balda, Pierre Coffin, Eric Guillon(co-director)","Steve Carell, Kristen Wiig, Trey Parker, Miranda Cosgrove"
m30,Incredibles 2,"Animation, Action, Adventure, Comedy, Family, Sci-Fi","The Incredibles hero family takes on a new mission, which involves a change in family roles: Bob Parr (Mr Incredible) must manage the house while his wife Helen (Elastigirl) goes out to save the world.",https://m.media-amazon.com/images/M/MV5BMTEzNzY0OTg0NTdeQTJeQWpwZ15BbWU4MDU3OTg3MjUz._V1_SX300.jpg,7.7,Brad Bird,"Craig T. Nelson, Holly Hunter, Sarah Vowell, Huck Milner"
m31,How to Train Your Dragon: The Hidden World,"Animation, Action, Adventure, Comedy, Family, Fantasy","When Hiccup discovers Toothless isn't the only Night Fury, he must seek The Hidden World, a secret Dragon Utopia before a hired tyrant named Grimmel finds it first.",https://m.media-amazon.com/images/M/MV5BMjIwMDIwNjAyOF5BMl5BanBnXkFtZTgwNDE1MDc2NTM@._V1_SX300.jpg,7.9,Dean DeBlois,"Jay Baruchel, America Ferrera, F. Murray Abraham, Cate Blanchett"
m32,The Dirt,"Biography, Comedy, Drama, Music",The story of how Mötley Crüe came to be one of the most notorious rock 'n roll groups in history.,https://m.media-amazon.com/images/M/MV5BODhiMzkwYTctYzgwOC00MDM2LWExYjQtMzY4MDljZjQ3M2RmXkEyXkFqcGdeQXVyNDg4NjY5OTQ@._V1_SX300.jpg,7.1,Jeff Tremaine,"Machine Gun Kelly, Erin Ownbey, Douglas Booth, Aaron Jay Rome"
m33,RocketMan,"Comedy, Family, Sci-Fi",Fred Z. Randall is a geeky and obnoxious spacecraft designer who gets the chance to make his dream come true and travel to Mars as a member of the first manned flight there.,https://m.media-amazon.com/images/M/MV5BYTU1YmQwYjgtMDBhNS00NzBhLWIyOWYtNDE1Y2QwNmIyZjFiL2ltYWdlL2ltYWdlXkEyXkFqcGdeQXVyMTQxNzMzNDI@._V1_SX300.jpg,5.9,Stuart Gillard,"Harland Williams, Jessica Lundy, William Sadler, Jeffrey DeMunn"
m34,Bohemian Rhapsody,"Biography, Drama, Music","The story of the legendary rock band Queen and lead singer Freddie Mercury, leading up to their famous performance at Live Aid (1985).",https://m.media-amazon.com/images/M/MV5BMTA2NDc3Njg5NDVeQTJeQWpwZ15BbWU4MDc1NDcxNTUz._V1_SX300.jpg,8.1,Bryan Singer,"Rami Malek, Lucy Boynton, Gwilym Lee, Ben Hardy"
m35,Green Book,"Biography, Comedy, Drama, Music",A working-class Italian-American bouncer becomes the driver of an African-American classical pianist on a tour of venues through the 1960s American South.,https://m.media-amazon.com/images/M/MV5BYzIzYmJlYTYtNGNiYy00N2EwLTk4ZjItMGYyZTJiOTVkM2RlXkEyXkFqcGdeQXVyODY1NDk1NjE@._V1_SX300.jpg,8.3,Peter Farrelly,"Viggo Mortensen, Mahershala Ali, Linda Cardellini, Sebastian Maniscalco"
m36,Papillon,"Biography, Crime, Drama","A man befriends a fellow criminal as the two of them begin serving their sentence on a dreadful prison island, which inspires the man to plot his escape.",https://m.media-amazon.com/images/M/MV5BZGRjZjQ0NzAtYmZlNS00Zjc1LTk1YWItMDY5YzQxMzA4MTAzXkEyXkFqcGdeQXVyMjI4MjA5MzA@._V1_SX300.jpg,8,Franklin J. Schaffner,"Steve McQueen, Dustin Hoffman, Victor Jory, Don Gordon"
m37,Hacksaw Ridge,"Biography, Drama, History, War","World War II American Army Medic Desmond T. Doss, who served during the Battle of Okinawa, refuses to kill people, and becomes the first man in American history to receive the Medal of Honor without firing a shot.",https://m.media-amazon.com/images/M/MV5BMjQ1NjM3MTUxNV5BMl5BanBnXkFtZTgwMDc5MTY5OTE@._V1_SX300.jpg,8.1,Mel Gibson,"Andrew Garfield, Richard Pyros, Jacob Warner, Milo Gibson"
m38,La La Land,"Comedy, Drama, Music, Musical, Romance","While navigating their careers in Los Angeles, a pianist and an actress fall in love while attempting to reconcile their aspirations for the future.",https://m.media-amazon.com/images/M/MV5BMzUzNDM2NzM2MV5BMl5BanBnXkFtZTgwNTM3NTg4OTE@._V1_SX300.jpg,8,Damien Chazelle,"Ryan Gosling, Emma Stone, Amiée Conn, Terry Walters"
m39,Captain Fantastic,"Comedy, Drama","In the forests of the Pacific Northwest, a father devoted to raising his six kids with a rigorous physical and intellectual education is forced to leave his paradise and enter the world, challenging his idea of what it means to be a parent.",https://m.media-amazon.com/images/M/MV5BMjE5OTM0OTY5NF5BMl5BanBnXkFtZTgwMDcxOTQ3ODE@._V1_SX300.jpg,7.9,Matt Ross,"Viggo Mortensen, George MacKay, Samantha Isler, Annalise Basso"
m40,The Nice Guys,"Action, Comedy, Crime, Mystery, Thriller","In 1970s Los Angeles, a mismatched pair of private eyes investigate a missing girl and the mysterious death of a porn star.",https://m.media-amazon.com/images/M/MV5BMjcwNDA5MDYyNl5BMl5BanBnXkFtZTgwNjg0NDkzNzE@._V1_SX300.jpg,7.4,Shane Black,"Russell Crowe, Ryan Gosling, Angourie Rice, Matt Bomer"
m41,Unicorn Store,"Comedy, Drama",A woman named Kit receives a mysterious invitation that would fulfill her childhood dreams.,https://m.media-amazon.com/images/M/MV5BMjUyMTY2OTkwMF5BMl5BanBnXkFtZTgwODEyODA3NzM@._V1_SX300.jpg,4.3,Brie Larson,"Brie Larson, Samuel L. Jackson, Bradley Whitford, Joan Cusack"
m42,Baby Driver,"Action, Crime, Drama, Music, Thriller","After being coerced into working for a crime boss, a young getaway driver finds himself taking part in a heist doomed to fail.",https://m.media-amazon.com/images/M/MV5BMjM3MjQ1MzkxNl5BMl5BanBnXkFtZTgwODk1ODgyMjI@._V1_SX300.jpg,7.6,Edgar Wright,"Ansel Elgort, Jon Bernthal, Jon Hamm, Eiza González"
m43,Pirates of the Caribbean: Dead Men Tell No Tales,"Action, Adventure, Fantasy",Captain Jack Sparrow searches for the trident of Poseidon while being pursued by an undead sea captain and his crew.,https://m.media-amazon.com/images/M/MV5BMTYyMTcxNzc5M15BMl5BanBnXkFtZTgwOTg2ODE2MTI@._V1_SX300.jpg,6.6,"Joachim Rønning, Espen Sandberg","Johnny Depp, Javier Bardem, Geoffrey Rush, Brenton Thwaites"
m44,Instant Family,"Comedy, Drama",A couple find themselves in over their heads when they foster three children.,https://m.media-amazon.com/images/M/MV5BMTkzMzgzMTc1OF5BMl5BanBnXkFtZTgwNjQ4MzE0NjM@._V1_SX300.jpg,7.4,Sean Anders,"Mark Wahlberg, Rose Byrne, Isabela Moner, Gustavo Quiroz"
m45,Dumbo,"Animation, Drama, Family, Musical","Ridiculed because of his enormous ears, a young circus elephant is assisted by a mouse to achieve his full potential.",https://m.media-amazon.com/images/M/MV5BNWVmNWQ2OTQtNzJlNC00ZmQwLTg4ZTktZTNmM2IxZTlkOGM3L2ltYWdlXkEyXkFqcGdeQXVyNTAyODkwOQ@@._V1_SX300.jpg,7.3,"Samuel Armstrong, Norman Ferguson, Wilfred Jackson, Jack Kinney, Bill Roberts, Ben Sharpsteen, John Elliotte","James Baskett, Herman Bing, Mel Blanc, Billy Bletcher"
m46,Dora the Explorer,"Animation, Adventure, Comedy, Family, Musical","Along with her friend Monkey Boots, Dora goes on adventures.",https://m.media-amazon.com/images/M/MV5BMTc1MzAzNDkzOV5BMl5BanBnXkFtZTgwNzgwNzEzMDE@._V1_SX300.jpg,4,James Bobin,"Marc Weiner, Harrison Chad, Kathleen Herles, Sasha Toro"
m47,Toy Story 4,"Animation, Adventure, Comedy, Family, Fantasy","When a new toy called Forky joins Woody and the gang, a road trip alongside old and new friends reveals how big the world can be for a toy.",https://m.media-amazon.com/images/M/MV5BZTdiZGRlZGItZDQ4OC00NTk3LWJhOTAtOTk2NTYzM2JmNzY1XkEyXkFqcGdeQXVyNTc5OTMwOTQ@._V1_SX300.jpg,0,Josh Cooley,"Keanu Reeves, Tom Hanks, Jordan Peele, Patricia Arquette"
m48,The Mule,"Crime, Drama, Thriller",A 90-year-old horticulturist and Korean War veteran turns drug mule for a Mexican cartel.,https://m.media-amazon.com/images/M/MV5BMTc1OTc5NzA4OF5BMl5BanBnXkFtZTgwOTAzMzE2NjM@._V1_SX300.jpg,7.1,Clint Eastwood,"Clint Eastwood, Patrick L. Reyes, Cesar De León, Gustavo Muñoz"
m49,John Wick: Chapter 2,"Action, Crime, Thriller","After returning to the criminal underworld to repay a debt, John Wick discovers that a large bounty has been put on his life.",https://m.media-amazon.com/images/M/MV5BMjE2NDkxNTY2M15BMl5BanBnXkFtZTgwMDc2NzE0MTI@._V1_SX300.jpg,7.5,Chad Stahelski,"Keanu Reeves, Riccardo Scamarcio, Ian McShane, Ruby Rose"
m50,Contratiempo,"Crime, Mystery, Thriller","While the clock is ticking, with the aid of a witness preparation expert, a successful entrepreneur accused of murder has less than three hours to come up with an impregnable defence.",https://m.media-amazon.com/images/M/MV5BMDk0YzAwYjktMWFiZi00Y2FmLWJmMmMtMzUyZDZmMmU5MjkzXkEyXkFqcGdeQXVyMTMxODk2OTU@._V1_SX300.jpg,8.1,Oriol Paulo,"Mario Casas, Ana Wagener, Jose Coronado, Bárbara Lennie"
m51,The Girl on the Train,"Crime, Drama, Mystery, Thriller",A divorcee becomes entangled in a missing persons investigation that promises to send shockwaves throughout her life.,https://m.media-amazon.com/images/M/MV5BNzFlMjA0ZmUtZWI0Mi00ZGJkLTlmMmYtZmE1ODZiMjhjMGM0XkEyXkFqcGdeQXVyMTMxODk2OTU@._V1_SX300.jpg,6.5,Tate Taylor,"Emily Blunt, Haley Bennett, Rebecca Ferguson, Justin Theroux"
m52,Passengers,"Drama, Romance, Sci-Fi, Thriller","A spacecraft traveling to a distant colony planet and transporting thousands of people has a malfunction in its sleep chambers. As a result, two passengers are awakened 90 years early.",https://m.media-amazon.com/images/M/MV5BZjk4ZTMwMTYtOTk1NC00OTA0LWFhMGYtZTBjMzViMDY2YWZjXkEyXkFqcGdeQXVyMTMxODk2OTU@._V1_SX300.jpg,7,Morten Tyldum,"Jennifer Lawrence, Chris Pratt, Michael Sheen, Laurence Fishburne"
m53,Hidden Figures,"Biography, Drama, History",The story of a team of female African-American mathematicians who served a vital role in NASA during the early years of the U.S. space program.,https://m.media-amazon.com/images/M/MV5BMzg2Mzg4YmUtNDdkNy00NWY1LWE3NmEtZWMwNGNlMzE5YzU3XkEyXkFqcGdeQXVyMjA5MTIzMjQ@._V1_SX300.jpg,7.8,Theodore Melfi,"Taraji P. Henson, Octavia Spencer, Janelle Monáe, Kevin Costner"
m54,The Greatest Showman,"Biography, Drama, Musical",Celebrates the birth of show business and tells of a visionary who rose from nothing to create a spectacle that became a worldwide sensation.,https://m.media-amazon.com/images/M/MV5BMjI1NDYzNzY2Ml5BMl5BanBnXkFtZTgwODQwODczNTM@._V1_SX300.jpg,7.6,Michael Gracey,"Hugh Jackman, Michelle Williams, Zac Efron, Zendaya"
m55,The Dirt,"Biography, Comedy, Drama, Music",The story of how Mötley Crüe came to be one of the most notorious rock 'n roll groups in history.,https://m.media-amazon.com/images/M/MV5BODhiMzkwYTctYzgwOC00MDM2LWExYjQtMzY4MDljZjQ3M2RmXkEyXkFqcGdeQXVyNDg4NjY5OTQ@._V1_SX300.jpg,7.1,Jeff Tremaine,"Machine Gun Kelly, Erin Ownbey, Douglas Booth, Aaron Jay Rome"
m56,Dragged Across Concrete,"Action, Crime, Drama, Thriller","Once two overzealous cops get suspended from the force, they must delve into the criminal underworld to get their proper compensation.",https://m.media-amazon.com/images/M/MV5BMjE1MTk5NDQ5Ml5BMl5BanBnXkFtZTgwODUxNzg0NzM@._V1_SX300.jpg,8.2,S. Craig Zahler,"Jennifer Carpenter, Mel Gibson, Michael Jai White, Vince Vaughn"
m57,A Star Is Born,"Drama, Music, Romance",A musician helps a young singer find fame as age and alcoholism send his own career into a downward spiral.,https://m.media-amazon.com/images/M/MV5BNmE5ZmE3OGItNTdlNC00YmMxLWEzNjctYzAwOGQ5ODg0OTI0XkEyXkFqcGdeQXVyMTMxODk2OTU@._V1_SX300.jpg,7.8,Bradley Cooper,"Lady Gaga, Bradley Cooper, Sam Elliott, Andrew Dice Clay"
m58,The Shape of Water,"Adventure, Drama, Fantasy, Romance, Thriller","At a top secret research facility in the 1960s, a lonely janitor forms a unique relationship with an amphibious creature that is being held in captivity.",https://m.media-amazon.com/images/M/MV5BNGNiNWQ5M2MtNGI0OC00MDA2LWI5NzEtMmZiYjVjMDEyOWYzXkEyXkFqcGdeQXVyMjM4NTM5NDY@._V1_SX300.jpg,7.3,Guillermo del Toro,"Sally Hawkins, Michael Shannon, Richard Jenkins, Octavia Spencer"
m59,Moonlight,Drama,"A chronicle of the childhood, adolescence and burgeoning adulthood of a young, African-American, gay man growing up in a rough neighborhood of Miami.",https://m.media-amazon.com/images/M/MV5BNzQxNTIyODAxMV5BMl5BanBnXkFtZTgwNzQyMDA3OTE@._V1_SX300.jpg,7.4,Barry Jenkins,"Mahershala Ali, Shariff Earp, Duan Sanderson, Alex R. Hibbert"
m60,Beauty and the Beast,"Animation, Family, Fantasy, Musical, Romance","A selfish prince is cursed to become a monster for the rest of his life, unless he learns to fall in love with a beautiful young woman he keeps prisoner.",https://m.media-amazon.com/images/M/MV5BMzE5MDM1NDktY2I0OC00YWI5LTk2NzUtYjczNDczOWQxYjM0XkEyXkFqcGdeQXVyMTQxNzMzNDI@._V1_SX300.jpg,8,"Gary Trousdale, Kirk Wise","Robby Benson, Jesse Corti, Rex Everhart, Angela Lansbury"
m61,Mary Poppins Returns,"Comedy, Family, Fantasy, Musical","Decades after her original visit, the magical nanny returns to help the Banks siblings and Michael's children through a difficult time in their lives.",https://m.media-amazon.com/images/M/MV5BMTk0NDIzMTA1MF5BMl5BanBnXkFtZTgwMzM0MTUzNjM@._V1_SX300.jpg,7.2,Rob Marshall,"Emily Blunt, Lin-Manuel Miranda, Ben Whishaw, Emily Mortimer"
m62,The Professor and the Madman,"Biography, Drama, Mystery, Thriller","Professor James Murray begins work compiling words for the first edition of the Oxford English Dictionary in the mid 19th century, and receives over 10,000 entries from a patient at Broadmoor Criminal Lunatic Asylum, Dr. William Minor.",https://m.media-amazon.com/images/M/MV5BNjRjNWIxMWMtNzcxYi00NDYyLWFmMzAtZTRiZWZhZDMwZmVkXkEyXkFqcGdeQXVyMjExMDE1MzQ@._V1_SX300.jpg,7.7,Farhad Safinia,"Natalie Dormer, Mel Gibson, Sean Penn, Steve Coogan"
m63,The Best of Enemies,"Adventure, Comedy, War",In 1941 during the desert war in Abyssinia the Italian captain Blasi and the British major Richardson alternate between being bitter enemies or best friends depending on the circumstances.,https://m.media-amazon.com/images/M/MV5BMzk5NmM3MTUtNWY3Ny00MDAyLWFiOGQtOWM4MDU5OGJmYmY2XkEyXkFqcGdeQXVyMTM3NzQ5NzQ@._V1_SX300.jpg,6.9,Guy Hamilton,"David Niven, Alberto Sordi, Amedeo Nazzari, Michael Wilding"
m64,The Favourite,"Biography, Comedy, Drama, History","In early 18th century England, a frail Queen Anne occupies the throne and her close friend, Lady Sarah, governs the country in her stead. When a new servant, Abigail, arrives, her charm endears her to Sarah.",https://m.media-amazon.com/images/M/MV5BMTg3Mzk4MjU0Ml5BMl5BanBnXkFtZTgwMzQ3MjkxNjM@._V1_SX300.jpg,7.7,Yorgos Lanthimos,"Olivia Colman, Rachel Weisz, Emma Delves, Faye Daveney"
m65,Dunkirk,"Action, Drama, History, Thriller, War","Allied soldiers from Belgium, the British Empire, and France are surrounded by the German Army, and evacuated during a fierce battle in World War II.",https://m.media-amazon.com/images/M/MV5BN2YyZjQ0NTEtNzU5MS00NGZkLTg0MTEtYzJmMWY3MWRhZjM2XkEyXkFqcGdeQXVyMDA4NzMyOA@@._V1_SX300.jpg,7.9,Christopher Nolan,"Fionn Whitehead, Damien Bonnard, Aneurin Barnard, Lee Armstrong"
m66,The Witch,"Horror, Mystery","A family in 1630s New England is torn apart by the forces of witchcraft, black magic and possession.",https://m.media-amazon.com/images/M/MV5BMTUyNzkwMzAxOF5BMl5BanBnXkFtZTgwMzc1OTk1NjE@._V1_SX300.jpg,6.8,Robert Eggers,"Anya Taylor-Joy, Ralph Ineson, Kate Dickie, Harvey Scrimshaw"
m67,The Autopsy of Jane Doe,"Horror, Mystery, Thriller","A father and son, both coroners, are pulled into a complex mystery while attempting to identify the body of a young woman, who was apparently harboring dark secrets.",https://m.media-amazon.com/images/M/MV5BMjA2MTEzMzkzM15BMl5BanBnXkFtZTgwMjM2MTM5MDI@._V1_SX300.jpg,6.8,André Øvredal,"Brian Cox, Emile Hirsch, Ophelia Lovibond, Michael McElhatton"
m68,Hereditary,"Drama, Horror, Mystery, Thriller","After the family matriarch passes away, a grieving family is haunted by tragic and disturbing occurrences, and begin to unravel dark secrets.",https://m.media-amazon.com/images/M/MV5BOTU5MDg3OGItZWQ1Ny00ZGVmLTg2YTUtMzBkYzQ1YWIwZjlhXkEyXkFqcGdeQXVyNTAzMTY4MDA@._V1_SX300.jpg,7.3,Ari Aster,"Alex Wolff, Gabriel Byrne, Toni Collette, Milly Shapiro"
m69,Pet Sematary,"Horror, Thriller","After tragedy strikes, a grieving father discovers an ancient burial ground behind his home with the power to raise the dead.",https://m.media-amazon.com/images/M/MV5BYjBlNTBhYWQtMzg5Yi00NDA2LWJmMjYtZmM0ODhiYzkwYmY5XkEyXkFqcGdeQXVyMTQxNzMzNDI@._V1_SX300.jpg,6.6,Mary Lambert,"Dale Midkiff, Fred Gwynne, Denise Crosby, Brad Greenquist"
m70,The Conjuring 2,"Drama, Horror, Mystery, Thriller",Ed and Lorraine Warren travel to North London to help a single mother raising 4 children alone in a house plagued by a supernatural spirit.,https://m.media-amazon.com/images/M/MV5BZjU5OWVlN2EtODNlYy00MjhhLWI0MDUtMTA3MmQ5MGMwYTZmXkEyXkFqcGdeQXVyNjE5MTM4MzY@._V1_SX300.jpg,7.4,James Wan,"Patrick Wilson, Vera Farmiga, Madison Wolfe, Frances O'Connor"
m71,Arrival,"Drama, Mystery, Sci-Fi, Thriller",A linguist is recruited by the military to communicate with alien lifeforms after twelve mysterious spacecrafts land around the world.,https://m.media-amazon.com/images/M/MV5BMTExMzU0ODcxNDheQTJeQWpwZ15BbWU4MDE1OTI4MzAy._V1_SX300.jpg,7.9,Denis Villeneuve,"Amy Adams, Jeremy Renner, Forest Whitaker, Michael Stuhlbarg"
m72,Blade Runner 2049,"Drama, Mystery, Sci-Fi, Thriller","A young blade runner's discovery of a long-buried secret leads him to track down former blade runner Rick Deckard, who's been missing for thirty years.",https://m.media-amazon.com/images/M/MV5BNzA1Njg4NzYxOV5BMl5BanBnXkFtZTgwODk5NjU3MzI@._V1_SX300.jpg,8,Denis Villeneuve,"Ryan Gosling, Dave Bautista, Robin Wright, Mark Arnold"
m73,If Beale Street Could Talk,"Crime, Drama, Romance",A woman in Harlem embraces her pregnancy while she and her family struggle to prove her fiancé innocent of a crime.,https://m.media-amazon.com/images/M/MV5BZWVkMzY5NzgtMTdlNS00NjY5LThjOTktZWFkNDU3NmQzMDIwXkEyXkFqcGdeQXVyODk2NDQ3MTA@._V1_SX300.jpg,7.4,Barry Jenkins,"KiKi Layne, Stephan James, Regina King, Colman Domingo"
m74,The Kissing Booth,"Comedy, Romance",A high school student is forced to confront her secret crush at a kissing booth.,https://m.media-amazon.com/images/M/MV5BNjQ0Mzk0OTE5MF5BMl5BanBnXkFtZTgwNDkyOTI0NTM@._V1_SX300.jpg,6.2,Vince Marcello,"Megan du Plessis, Lincoln Pearson, Caitlyn de Abrue, Jack Fokkens"
m75,Call Me by Your Name,"Drama, Romance","In 1980s Italy, a romance blossoms between a seventeen year-old student and the older man hired as his father's research assistant.",https://m.media-amazon.com/images/M/MV5BNDk3NTEwNjc0MV5BMl5BanBnXkFtZTgwNzYxNTMwMzI@._V1_SX300.jpg,7.9,Luca Guadagnino,"Armie Hammer, Timothée Chalamet, Michael Stuhlbarg, Amira Casar"
m76,Fifty Shades Darker,"Drama, Romance","While Christian wrestles with his inner demons, Anastasia must confront the anger and envy of the women who came before her.",https://m.media-amazon.com/images/M/MV5BMTQ5NTk0Njg2N15BMl5BanBnXkFtZTgwNzk5Nzk3MDI@._V1_SX300.jpg,4.6,James Foley,"Dakota Johnson, Jamie Dornan, Eric Johnson, Eloise Mumford"
m77,Your Name.,"Animation, Drama, Fantasy, Romance","Two strangers find themselves linked in a bizarre way. When a connection forms, will distance be the only thing to keep them apart?",https://m.media-amazon.com/images/M/MV5BODRmZDVmNzUtZDA4ZC00NjhkLWI2M2UtN2M0ZDIzNDcxYThjL2ltYWdlXkEyXkFqcGdeQXVyNTk0MzMzODA@._V1_SX300.jpg,8.4,Makoto Shinkai,"Ryûnosuke Kamiki, Mone Kamishiraishi, Ryô Narita, Aoi Yûki"
m78,Bogat,"Short, Drama",Bogdan's older brother Radu vanishes without a trace after turning to a life of crime. While trying to protect his brother's legacy Bogdan gets involved with the man responsible for his brother's disappearance.,https://m.media-amazon.com/images/M/MV5BNDBhMTg3ZWQtOGFlMi00ZDJiLTkzMzYtZjIxMGEwNjFkYzZkXkEyXkFqcGdeQXVyMjgzNzc4NDI@._V1_SX300.jpg,7.9,Valentin Kruse,"Bogdan Pirnau, Sandra Bosch, Jurij Rosstalnyj, Murat Dikenci"
m79,Zygote,"Short, Horror, Sci-Fi","Stranded in an Arctic mine, two lone survivors are forced to fight for their lives, evading and hiding from a new kind of terror.",https://m.media-amazon.com/images/M/MV5BYzE2NDdlODYtMTc4My00OTljLTlmZTktNjM2NjA3YzliZTMyXkEyXkFqcGdeQXVyNjMxMDgyNzQ@._V1_SX300.jpg,7.3,Neill Blomkamp,"Dakota Fanning, Jose Pablo Cantillo"
m80,Hellboy,"Action, Fantasy, Horror, Sci-Fi","A demon, raised from infancy after being conjured by and rescued from the Nazis, grows up to become a defender against the forces of darkness.",https://m.media-amazon.com/images/M/MV5BNTc1ZWY0ZTEtZTVmNi00MTg0LTg4NmQtZTI4OWNiMmQ0MWZkXkEyXkFqcGdeQXVyNTIzOTk5ODM@._V1_SX300.jpg,6.9,Guillermo del Toro,"Ron Perlman, John Hurt, Selma Blair, Rupert Evans"
m81,Transformers: The Last Knight,"Action, Adventure, Sci-Fi","A deadly threat from Earth's history reappears, and a hunt for a lost artifact takes place between Autobots and Decepticons, while Optimus Prime encounters his creator in space.",https://m.media-amazon.com/images/M/MV5BMTk3OTI3MDk4N15BMl5BanBnXkFtZTgwNDg2ODIyMjI@._V1_SX300.jpg,5.2,Michael Bay,"Mark Wahlberg, Anthony Hopkins, Josh Duhamel, Laura Haddock"
m82,Star Wars: The Last Jedi,"Short, Action, Fantasy, Sci-Fi",Two kids fight with light sabers around the house.,https://m.media-amazon.com/images/M/MV5BYTg3N2VkZGEtNjkwYi00ZWVlLWE1YmYtOTZiM2ZiZDY4NTE1L2ltYWdlL2ltYWdlXkEyXkFqcGdeQXVyMzM4MjM0Nzg@._V1_SX300.jpg,8.3,Rian Johnson,Taylor Clark
m83,Star Trek Beyond,"Action, Adventure, Sci-Fi, Thriller","The crew of the USS Enterprise explores the furthest reaches of uncharted space, where they encounter a new ruthless enemy, who puts them, and everything the Federation stands for, to the test.",https://m.media-amazon.com/images/M/MV5BZDRiOGE5ZTctOWIxOS00MWQwLThlMDYtNWIwMDQwNzBjZDY1XkEyXkFqcGdeQXVyNjU0OTQ0OTY@._V1_SX300.jpg,7.1,Justin Lin,"Chris Pine, Zachary Quinto, Karl Urban, Zoe Saldana"
m84,Kong: Skull Island,"Action, Adventure, Fantasy, Sci-Fi","After the Vietnam war, a team of scientists explore an uncharted island in the Pacific, venturing into the domain of the mighty Kong, and must fight to escape a primal Eden.",https://m.media-amazon.com/images/M/MV5BMTUwMzI5ODEwNF5BMl5BanBnXkFtZTgwNjAzNjI2MDI@._V1_SX300.jpg,6.6,Jordan Vogt-Roberts,"Tom Hiddleston, Samuel L. Jackson, Brie Larson, John C. Reilly"
m85,Overload,"Crime, Drama, Mystery","Rachel is killed. A year later Kate, a young jazz DJ, finds Ted, her boyfriend, in bed with another woman. She leaves Boston for her mother's place in Vermont. There, she finds that her ...",http://ia.media-imdb.com/images/M/MV5BNzA1NDk1NzQ2MV5BMl5BanBnXkFtZTcwOTQ1OTg4Mg@@._V1_SX300.jpg,3.3,Robert Fritz,"F. Reed Brown, Patrick A. Brown, Verna Brunelle, Michael Carrier"
m86,Bird Box,"Drama, Horror, Sci-Fi, Thriller","Five years after an ominous unseen presence drives most of society to suicide, a mother and her two children make a desperate bid to reach safety.",https://m.media-amazon.com/images/M/MV5BMjAzMTI1MjMyN15BMl5BanBnXkFtZTgwNzU5MTE2NjM@._V1_SX300.jpg,6.7,Susanne Bier,"Sandra Bullock, Trevante Rhodes, John Malkovich, Sarah Paulson"
m87,Triple Frontier,"Action, Adventure, Crime, Drama, Thriller",Five former Special Forces operatives reunite to plan a heist in a sparsely populated multi-border zone of South America. For the first time in their prestigious careers these unsung heroes...,https://m.media-amazon.com/images/M/MV5BODU4MzM2MDAxMl5BMl5BanBnXkFtZTgwNDEzNjM0NzM@._V1_SX300.jpg,8.9,J.C. Chandor,"Ben Affleck, Charlie Hunnam, Adria Arjona, Pedro Pascal"
m88,The Shawshank Redemption,Drama,"Two imprisoned men bond over a number of years, finding solace and eventual redemption through acts of common decency.",https://m.media-amazon.com/images/M/MV5BMDFkYTc0MGEtZmNhMC00ZDIzLWFmNTEtODM1ZmRlYWMwMWFmXkEyXkFqcGdeQXVyMTMxODk2OTU@._V1_SX300.jpg,9.3,Frank Darabont,"Tim Robbins, Morgan Freeman, Bob Gunton, William Sadler"
m89,The Lord of the Rings,"Animation, Adventure, Fantasy",The Fellowship of the Ring embark on a journey to destroy the One Ring and end Sauron's reign over Middle-earth.,https://m.media-amazon.com/images/M/MV5BOGMyNWJhZmYtNGQxYi00Y2ZjLWJmNjktNTgzZWJjOTg4YjM3L2ltYWdlXkEyXkFqcGdeQXVyNTAyODkwOQ@@._V1_SX300.jpg,6.2,Ralph Bakshi,"Christopher Guard, William Squire, Michael Scholes, John Hurt"
m90,Pulp Fiction,"Crime, Drama","The lives of two mob hitmen, a boxer, a gangster's wife, and a pair of diner bandits intertwine in four tales of violence and redemption.",https://m.media-amazon.com/images/M/MV5BNGNhMDIzZTUtNTBlZi00MTRlLWFjM2ItYzViMjE3YzI5MjljXkEyXkFqcGdeQXVyNzkwMjQ5NzM@._V1_SX300.jpg,8.9,Quentin Tarantino,"Tim Roth, Amanda Plummer, Laura Lovelace, John Travolta"
m91,Fight Club,Drama,"An insomniac office worker and a devil-may-care soapmaker form an underground fight club that evolves into something much, much more.",https://m.media-amazon.com/images/M/MV5BMjJmYTNkNmItYjYyZC00MGUxLWJhNWMtZDY4Nzc1MDAwMzU5XkEyXkFqcGdeQXVyNzkwMjQ5NzM@._V1_SX300.jpg,8.8,David Fincher,"Edward Norton, Brad Pitt, Meat Loaf, Zach Grenier"
m92,Forrest Gump,"Drama, Romance","The presidencies of Kennedy and Johnson, the events of Vietnam, Watergate, and other history unfold through the perspective of an Alabama man with an IQ of 75.",https://m.media-amazon.com/images/M/MV5BNWIwODRlZTUtY2U3ZS00Yzg1LWJhNzYtMmZiYmEyNmU1NjMzXkEyXkFqcGdeQXVyMTQxNzMzNDI@._V1_SX300.jpg,8.8,Robert Zemeckis,"Tom Hanks, Rebecca Williams, Sally Field, Michael Conner Humphreys"
m93,Inception,"Action, Adventure, Sci-Fi, Thriller",A thief who steals corporate secrets through the use of dream-sharing technology is given the inverse task of planting an idea into the mind of a CEO.,https://m.media-amazon.com/images/M/MV5BMjAxMzY3NjcxNF5BMl5BanBnXkFtZTcwNTI5OTM0Mw@@._V1_SX300.jpg,8.8,Christopher Nolan,"Leonardo DiCaprio, Joseph Gordon-Levitt, Ellen Page, Tom Hardy"
m94,The Martian,"Adventure, Drama, Sci-Fi","An astronaut becomes stranded on Mars after his team assume him dead, and must rely on his ingenuity to find a way to signal to Earth that he is alive.",https://m.media-amazon.com/images/M/MV5BMTc2MTQ3MDA1Nl5BMl5BanBnXkFtZTgwODA3OTI4NjE@._V1_SX300.jpg,8,Ridley Scott,"Matt Damon, Jessica Chastain, Kristen Wiig, Jeff Daniels"
m95,The Matrix,"Action, Sci-Fi",A computer hacker learns from mysterious rebels about the true nature of his reality and his role in the war against its controllers.,https://m.media-amazon.com/images/M/MV5BNzQzOTk3OTAtNDQ0Zi00ZTVkLWI0MTEtMDllZjNkYzNjNTc4L2ltYWdlXkEyXkFqcGdeQXVyNjU0OTQ0OTY@._V1_SX300.jpg,8.7,"Lana Wachowski, Lilly Wachowski","Keanu Reeves, Laurence Fishburne, Carrie-Anne Moss, Hugo Weaving"
m96,Harry Potter and the Sorcerer's Stone,"Adventure, Family, Fantasy","An orphaned boy enrolls in a school of wizardry, where he learns the truth about himself, his family and the terrible evil that haunts the magical world.",https://m.media-amazon.com/images/M/MV5BNjQ3NWNlNmQtMTE5ZS00MDdmLTlkZjUtZTBlM2UxMGFiMTU3XkEyXkFqcGdeQXVyNjUwNzk3NDc@._V1_SX300.jpg,7.6,Chris Columbus,"Richard Harris, Maggie Smith, Robbie Coltrane, Saunders Triplets"
m97,Harry Potter and the Goblet of Fire,"Adventure, Family, Fantasy, Mystery","A young wizard finds himself competing in a hazardous tournament between rival schools of magic, but he is distracted by recurring nightmares.",https://m.media-amazon.com/images/M/MV5BMTI1NDMyMjExOF5BMl5BanBnXkFtZTcwOTc4MjQzMQ@@._V1_SX300.jpg,7.7,Mike Newell,"Eric Sykes, Timothy Spall, David Tennant, Daniel Radcliffe"
m98,Harry Potter and the Half-Blood Prince,"Adventure, Family, Fantasy, Mystery","As Harry Potter begins his sixth year at Hogwarts, he discovers an old book marked as the property of the Half-Blood Prince and begins to learn more about Lord Voldemort's dark past.",https://m.media-amazon.com/images/M/MV5BNzU3NDg4NTAyNV5BMl5BanBnXkFtZTcwOTg2ODg1Mg@@._V1_SX300.jpg,7.6,David Yates,"Daniel Radcliffe, Michael Gambon, Dave Legeno, Elarica Johnson"
m99,Mission: Impossible,"Action, Adventure, Thriller","An American agent, under false suspicion of disloyalty, must discover and expose the real spy without the help of his organization.",https://m.media-amazon.com/images/M/MV5BMTc3NjI2MjU0Nl5BMl5BanBnXkFtZTgwNDk3ODYxMTE@._V1_SX300.jpg,7.1,Brian De Palma,"Tom Cruise, Jon Voight, Emmanuelle Béart, Henry Czerny"
m100,Mission: Impossible Ghost Protocol Special Feature - Soaring in Dubai,Short,"Agent Ethan Hunt and his elite team go underground after a bombing implicates the IMF as terrorists. While trying to clear their name, the team uncovers a plot to start a nuclear war. Now ...",https://m.media-amazon.com/images/M/MV5BNzYwMTU4NDU3Nl5BMl5BanBnXkFtZTgwMDQ4NjA2MDE@._V1_SX300.jpg,7.6,Anthony Giacchino,"Brad Bird, Tom Cruise, Paula Patton, Jeremy Renner"
m101,Mission: Impossible - Fallout,"Action, Adventure, Thriller","Ethan Hunt and his IMF team, along with some familiar allies, race against time after a mission gone wrong.",https://m.media-amazon.com/images/M/MV5BNjRlZmM0ODktY2RjNS00ZDdjLWJhZGYtNDljNWZkMGM5MTg0XkEyXkFqcGdeQXVyNjAwMjI5MDk@._V1_SX300.jpg,7.8,Christopher McQuarrie,"Tom Cruise, Henry Cavill, Ving Rhames, Simon Pegg"
m102,The Fast and the Furious,"Action, Crime, Thriller",Los Angeles police officer Brian O'Connor must decide where his loyalty really lies when he becomes enamored with the street racing world he has been sent undercover to destroy.,https://m.media-amazon.com/images/M/MV5BNzlkNzVjMDMtOTdhZC00MGE1LTkxODctMzFmMjkwZmMxZjFhXkEyXkFqcGdeQXVyNjU0OTQ0OTY@._V1_SX300.jpg,6.8,Rob Cohen,"Paul Walker, Vin Diesel, Michelle Rodriguez, Jordana Brewster"
